category,title,publisher,year,type,link,authors,code
Survey Papers,Machine Learning for Combinatorial Optimization: a Methodological Tour d'horizon.,EJOR,2020,journal,https://arxiv.org/abs/1811.06128,"Bengio, Yoshua and Lodi, Andrea and Prouvost, Antoine.",
Survey Papers,Reinforcement Learning for Combinatorial Optimization: A Survey.,Arxiv,2020,paper,https://arxiv.org/abs/2003.03600,"Mazyavkina, Nina and Sviridov, Sergey and Ivanov, Sergei and Burnaev, Evgeny.",
Survey Papers,⭐Learning Graph Matching and Related Combinatorial Optimization Problems.,IJCAI,2020,paper,https://www.ijcai.org/proceedings/2020/0694.pdf,"Yan, Junchi and Yang, Shuang, and Hancock, Edwin R.",
Survey Papers,Learning Combinatorial Optimization on Graphs: A Survey with Applications to Networking.,IEEE ACCESS,2020,journal,https://ieeexplore.ieee.org/stamp/stamp.jsp?tp=&arnumber=9125934,"Vesselinova, Natalia and Steinert, Rebecca and Perez-Ramirez, Daniel F. and Boman, Magnus.",
Survey Papers,A Review of combinatorial optimization with graph neural networks.,BigDIA,2019,paper,https://ieeexplore.ieee.org/stamp/stamp.jsp?tp=&arnumber=8802843,"Huang, Tingfei and Ma, Yang and Zhou, Yuzhen and Huang, Honglan Huang and Chen, Dongmei and Gong, Zidan and Liu, Yao.",
Survey Papers,"From Shallow to Deep Interactions Between Knowledge Representation, Reasoning and Machine Learning.",Arxiv,2020,paper,https://arxiv.org/abs/1912.06612,"Bouraoui, Zied and Cornuéjols, Antoine and Denœux, Thierry and Destercke, Sébastien and Dubois, Didier and Guillaume, Romain and Marques-Silva, João and Mengin, Jérôme and Prade, Henri and Schockaert, Steven and Serrurier, Mathieu and Vrain, Christel.",
Survey Papers,Machine Learning Approaches to Learning Heuristics for Combinatorial Optimization Problems.,Procedia Manufacturing,2018,journal,https://www.sciencedirect.com/science/article/pii/S2351978918311351,"Mirshekarian, Sadegh and Sormaz, Dusan.",
Survey Papers,Boosting combinatorial problem modeling with machine learning.,IJCAI,2018,paper,https://www.ijcai.org/Proceedings/2018/0772.pdf,"Lombardi, Michele and Milano, Michela.",
Survey Papers,A Survey on Reinforcement Learning for Combinatorial Optimization.,Arxiv,2020,paper,https://arxiv.org/abs/2008.12248v2,"Yang, Yunhao and Whinston, Andrew.",
Survey Papers,Model-Based Search for Combinatorial Optimization: A Critical Survey.,Annals of Operations Research,2004,journal,https://link.springer.com/article/10.1023/B:ANOR.0000039526.52305.af,"Zlochin, Mark and Birattari, Mauro and Meuleau, Nicolas and Dorigo, Marco.",
Survey Papers,A Survey of Reinforcement Learning and Agent-Based Approaches to Combinatorial Optimization.,Citeseer,2012,journal,https://citeseerx.ist.psu.edu/viewdoc/download?doi=10.1.1.468.5208&rep=rep1&type=pdf,"Miagkikh, Victor",
Survey Papers,Graph Learning for Combinatorial Optimization: A Survey of State-of-the-Art.,Data Science and Engineering,2021,journal,https://link.springer.com/article/10.1007/s41019-021-00155-3,"Peng, Yue, Choi, Byron, and Xu, Jianliang.",
Survey Papers,Research Reviews of Combinatorial Optimization Methods Based on Deep Reinforcement Learning. (in chinese) ,自动化学报,2020,journal,http://www.aas.net.cn/article/doi/10.16383/j.aas.c200551,"Li, Kai-Wen and Zhang,  Tao and Wang, Rui and Qin, Wei-Jian and He, Hui-Hui and Huang, Hong.",
Survey Papers,Combinatorial Optimization and Reasoning with Graph Neural Networks,Arxiv,2021,paper,https://arxiv.org/abs/2102.09544,"Cappart, Quentin and Chetelat, Didier and Khalil, Elias and Lodi, Andrea and Morris, Christopher and Velickovic, Petar",
Survey Papers,Machine Learning for Electronic Design Automation (EDA) : A Survey,TODAES,2021,journal,https://arxiv.org/abs/2102.03357,"Huang, Guyue and Hu, Jingbo and He, Yifan and Liu, Jialong and Ma, Mingyuan and Shen, Zhaoyang and Wu, Juejian and Xu, Yuanfan and Zhang, Hengrui and Zhong, Kai and others",
Survey Papers,Neural Networks for Combinatorial Optimization: A Review of More Than a Decade of Research,INFORMS Journal on Computing,1999,journal,https://pubsonline.informs.org/doi/abs/10.1287/ijoc.11.1.15,"Smith, Kate A.",
Survey Papers,⭐A Survey for Solving Mixed Integer Programming via Machine Learning,Neurocomputing,2022,journal,https://www.sciencedirect.com/science/article/pii/S0925231222014035,Jiayi Zhang and Chang Liu and Xijun Li and Hui-Ling Zhen and Mingxuan Yuan and Yawen Li and Junchi Yan,
Graph Matching; Quadratic Assignment Problem,Revised Note on Learning Algorithms for Quadratic Assignment with Graph Neural Networks,Arxiv,2017,paper,https://arxiv.org/pdf/1706.07450.pdf,"Nowak, Alex and Villar, Soledad and Bandeira, S. Afonso and Bruna, Joan",https://github.com/alexnowakvila/QAP_pt
Graph Matching,Deep Learning of Graph Matching.,CVPR,2018,paper,https://openaccess.thecvf.com/content_cvpr_2018/html/Zanfir_Deep_Learning_of_CVPR_2018_paper.html,"Zanfir, Andrei and Sminchisescu, Cristian",
Graph Matching,⭐Learning Combinatorial Embedding Networks for Deep Graph Matching.,ICCV,2019,paper,http://openaccess.thecvf.com/content_ICCV_2019/papers/Wang_Learning_Combinatorial_Embedding_Networks_for_Deep_Graph_Matching_ICCV_2019_paper.pdf,"Wang, Runzhong and Yan, Junchi and Yang, Xiaokang",https://github.com/Thinklab-SJTU/ThinkMatch
Graph Matching,Deep Graphical Feature Learning for the Feature Matching Problem.,ICCV,2019,paper,https://openaccess.thecvf.com/content_ICCV_2019/papers/Zhang_Deep_Graphical_Feature_Learning_for_the_Feature_Matching_Problem_ICCV_2019_paper.pdf,"Zhang, Zhen and Lee, Wee Sun",
Graph Matching,GLMNet: Graph Learning-Matching Networks for Feature Matching.,Arxiv,2019,paper,https://arxiv.org/abs/1911.07681,"Jiang, Bo and Sun, Pengfei and Tang, Jin and Luo, Bin",
Graph Matching; Quadratic Assignment Problem,⭐Neural Graph Matching Network: Learning Lawler's Quadratic Assignment Problem with Extension to Hypergraph and Multiple-graph Matching.,TPAMI,2021,paper,https://arxiv.org/abs/1911.11308,"Wang, Runzhong and Yan, Junchi and Yang, Xiaokang",https://github.com/Thinklab-SJTU/ThinkMatch
Graph Matching,⭐Learning deep graph matching with channel-independent embedding and Hungarian attention.,ICLR,2020,paper,https://openreview.net/forum?id=rJgBd2NYPH,"Yu, Tianshu and Wang, Runzhong and Yan, Junchi and Li, Baoxin",https://github.com/Thinklab-SJTU/ThinkMatch
Graph Matching,Deep Graph Matching Consensus.,ICLR,2020,paper,http://arxiv.org/abs/2001.09621,"Fey, Matthias and Lenssen, Jan E. and Morris, Christopher and Masci, Jonathan and Kriege, Nils M.",
Graph Matching,⭐Graduated Assignment for Joint Multi-Graph Matching and Clustering with Application to Unsupervised Graph Matching Network Learning.,NeurIPS,2020,paper,https://papers.NeurIPS.cc/paper/2020/file/e6384711491713d29bc63fc5eeb5ba4f-Paper.pdf,"Wang, Runzhong and Yan, Junchi and Yang, Xiaokang",https://github.com/Thinklab-SJTU/ThinkMatch
Graph Matching,⭐Combinatorial Learning of Robust Deep Graph Matching: An Embedding Based Approach.,TPAMI,2020,paper,https://doi.org/10.1109/TPAMI.2020.3005590,"Wang, Runzhong and Yan, Junchi and Yang, Xiaokang",https://github.com/Thinklab-SJTU/ThinkMatch
Graph Matching,Deep Graph Matching via Blackbox Differentiation of Combinatorial Solvers.,ECCV,2020,paper,https://www.ecva.net/papers/eccv_2020/papers_ECCV/papers/123730409.pdf,"Rolinek, Michal and Swoboda, Paul and Zietlow, Dominik and Paulus, Anselm and Musil, Vit and Martius, Georg",https://github.com/martius-lab/blackbox-deep-graph-matching
Graph Matching; Quadratic Assignment Problem,⭐Revocable Deep Reinforcement Learning with Affinity Regularization for Outlier-Robust Graph Matching.,ICLR,2023,paper,https://openreview.net/forum?id=QjQibO3scV_,"Liu, Chang and Jiang, Zetian and Wang, Runzhong and Yan, Junchi and Huang, Lingxiao and Lu, Pinyan",https://github.com/Thinklab-SJTU/RGM
Graph Matching,⭐Deep Latent Graph Matching,ICML,2021,paper,http://proceedings.mlr.press/v139/yu21d/yu21d.pdf,"Yu, Tianshu and Wang, Runzhong and Yan, Junchi and Li, Baoxin.",
Graph Matching,IA-GM: A Deep Bidirectional Learning Method for Graph Matching,AAAI,2021,paper,https://ojs.aaai.org/index.php/AAAI/article/view/16461/16268,"Zhao, Kaixuan and Tu, Shikui and Xu, Lei",
Graph Matching,Deep Graph Matching under Quadratic Constraint,CVPR,2021,paper,https://openaccess.thecvf.com/content/CVPR2021/papers/Gao_Deep_Graph_Matching_Under_Quadratic_Constraint_CVPR_2021_paper.pdf,"Gao, Quankai and Wang, Fudong and Xue, Nan and Yu, Jin-Gang and Xia, Gui-Song",
Graph Matching,GAMnet: Robust Feature Matching via Graph Adversarial-Matching Network,MM,2021,paper,https://dl.acm.org/doi/pdf/10.1145/3474085.3475669,"Jiang, Bo and Sun, Pengfei and Zhang, Ziyan and Tang, Jin and Luo, Bin",
Graph Matching,Hypergraph Neural Networks for Hypergraph Matching,ICCV,2021,paper,https://openaccess.thecvf.com/content/ICCV2021/papers/Liao_Hypergraph_Neural_Networks_for_Hypergraph_Matching_ICCV_2021_paper.pdf,"Liao, Xiaowei and Xu, Yong and Ling, Haibin",
Graph Matching,"⭐Appearance and Structure Aware Robust Deep Visual Graph Matching: Attack, Defense and Beyond",CVPR,2022,paper,https://openaccess.thecvf.com/content/CVPR2022/papers/Ren_Appearance_and_Structure_Aware_Robust_Deep_Visual_Graph_Matching_Attack_CVPR_2022_paper.pdf,"Ren, Qibing and Bao, Qingquan and Wang, Runzhong and Yan, Junchi",https://github.com/Thinklab-SJTU/RobustMatch
Graph Matching,⭐Self-supervised Learning of Visual Graph Matching,ECCV,2022,paper,,"Liu, Chang and Zhang, Shaofeng and Yang, Xiaokang and Yan, Junchi",https://github.com/Thinklab-SJTU/ThinkMatch-SCGM
Graph Matching,Learning to Match Features with Seeded Graph Matching Network,ICCV,2021,paper,https://openaccess.thecvf.com/content/ICCV2021/html/Chen_Learning_To_Match_Features_With_Seeded_Graph_Matching_Network_ICCV_2021_paper.html,"Chen, Hongkai and Luo, Zixin and Zhang, Jiahui and Zhou, Lei and Bai, Xuyang and Hu, Zeyu and Tai, Chiew-Lan and Quan, Long",
Graph Matching,SeedGNN: Graph Neural Network for Supervised Seeded Graph Matching,ICML,2023,paper,https://icml.cc/virtual/2023/poster/24282,"Yu, Liren and Xu, Jiaming and Lin, Xiaojun",
Graph Matching,D2Match: Leveraging Deep Learning and Degeneracy for Subgraph Matching,ICML,2023,paper,https://icml.cc/virtual/2023/poster/24358,"Liu, Xuan, Lin Zhang, Jiaqi Sun, Yujiu Yang and Haiqing Yang",
Graph Matching,LVM-Med: Learning Large-Scale Self-Supervised Vision Models for Medical Imaging via Second-order Graph Matching,NeurIPS,2023,paper,https://openreview.net/forum?id=xE7oH5iVGK,"Nguyen, Duy MH and Nguyen, Hoang and Diep, Nghiem T and Pham, Tan N and Cao, Tri and Nguyen, Binh T and Swoboda, Paul and Ho, Nhat and Albarqouni, Shadi and Xie, Pengtao and others",https://github.com/duyhominhnguyen/LVM-Med
Graph Matching,Improving Graph Matching with Positional Reconstruction Encoder-Decoder Network,NeurIPS,2023,paper,https://openreview.net/forum?id=28RTu9MOT6,"Zhou, Yixiao and Jia, Ruiqi and Lin, Hongxiang and Quan, Hefeng and Zhao, Yumeng and Lyu, Xiaoqing",
Quadratic Assignment Problem,⭐Towards Quantum Machine Learning for Constrained Combinatorial Optimization: a Quantum QAP Solver,ICML,2023,paper,https://icml.cc/virtual/2023/poster/24148,"Ye, Xinyu and Yan, Ge and Yan, Junchi",
Travelling Salesman Problem; Maximal Cut,Learning Combinatorial Optimization Algorithms over Graphs.,NeurIPS,2017,paper,https://arxiv.org/abs/1704.01665,"Dai, Hanjun and Khalil, Elias B and Zhang, Yuyu and Dilkina, Bistra and Song, Le",
Travelling Salesman Problem,POMO: Policy Optimization with Multiple Optima for Reinforcement Learning.,NeurIPS,2020,paper,https://arxiv.org/abs/2010.16011,"Kwon, Yeong-Dae and Choo, Jinho and Kim, Byoungjip and Yoon, Iljoo and Min, Seungjai and Gwon, Youngjune.",https://github.com/yd-kwon/POMO/
Travelling Salesman Problem,Learning Heuristics for the TSP by Policy Gradient,CPAIOR,2018,paper,https://link.springer.com/chapter/10.1007/978-3-319-93031-2_12,Michel DeudonPierre CournutAlexandre Lacoste,https://github.com/MichelDeudon/encode-attend-navigate
Travelling Salesman Problem,"Attention, Learn to Solve Routing Problems!",ICLR,2019,paper,https://arxiv.org/abs/1803.08475,"Kool, Wouter and Van Hoof, Herke and Welling, Max.",
Travelling Salesman Problem,Learning to Solve NP-Complete Problems: A Graph Neural Network for Decision TSP.,AAAI,2019,paper,https://ojs.aaai.org/index.php/AAAI/article/view/4399,"Prates, Marcelo and Avelar, Pedro HC and Lemos, Henrique and Lamb, Luis C and Vardi, Moshe Y.",
Travelling Salesman Problem,An Efficient Graph Convolutional Network Technique for the Travelling Salesman Problem,Arxiv,2019,paper,https://arxiv.org/abs/1906.01227,"Chaitanya K. Joshi, Thomas Laurent, Xavier Bresson",https://github.com/chaitjo/graph-convnet-tsp
Travelling Salesman Problem,Generalize a Small Pre-trained Model to Arbitrarily Large TSP Instances.,Arxiv,2020,paper,https://arxiv.org/abs/2012.10658,"Fu, Zhang-Hua and Qiu, Kai-Bin and Zha, Hongyuan.",
Travelling Salesman Problem,Deep Reinforcement Learning for Combinatorial Optimization: Covering Salesman Problems.,IEEE Trans Cybern,2021,journal,https://arxiv.org/abs/2102.05875,"Kaiwen Li, Tao Zhang, Rui Wang Yuheng Wang, and Yi Han",
Differentiable Optimization,Differentiation of Blackbox Combinatorial Solvers,ICLR,2020,paper,https://arxiv.org/pdf/1912.02175v2.pdf,"Marin Vlastelica, Anselm Paulus, Vít Musil, Georg Martius, Michal Rolínek",https://github.com/martius-lab/blackbox-backprop
Travelling Salesman Problem,The Transformer Network for the Traveling Salesman Problem,IPAM,2021,paper,http://helper.ipam.ucla.edu/publications/dlc2021/dlc2021_16703.pdf,Xavier Bresson，Thomas Laurent,
Travelling Salesman Problem; Vehicle Routing Problem,Learning Improvement Heuristics for Solving Routing Problems,TNNLS,2021,journal,https://ieeexplore.ieee.org/abstract/document/9393606?casa_token=mFeyLmrOGfIAAAAA:nmAkjUaTSooYurWHuWGYNoguV453anw9Enyv45xG5jb2oCps6QE4A1CFe1EmFmTzbON6cL5maw,"Wu, Yaoxin and Song, Wen and Cao, Zhiguang and Zhang, Jie and Lim, Andrew",
Travelling Salesman Problem; Maximal Cut,Reversible Action Design for Combinatorial Optimization with Reinforcement Learning,Arxiv,2021,paper,https://arxiv.org/abs/2102.07210,"Yao, Fan and Cai, Renqin and Wang, Hongning",
Travelling Salesman Problem,Solving Dynamic Traveling Salesman Problems with Deep Reinforcement Learning.,TNNLS,2021,journal,https://ieeexplore.ieee.org/document/9537638,"Zizhen Zhang, Hong Liu, Meng Chu Zhou, Jiahai Wang",
Travelling Salesman Problem; Job Shop Scheduling Problem,ScheduleNet: Learn to Solve Multi-agent Scheduling Problems with Reinforcement Learning,Arxiv,2021,paper,https://arxiv.org/abs/2106.03051,"Junyoung Park, Sanjar Bakhtiyar, Jinkyoo Park",
Travelling Salesman Problem,DAN: Decentralized Attention-based Neural Network to Solve the MinMax Multiple Traveling Salesman Problem,Arxiv,2021,paper,https://arxiv.org/abs/2109.04205,"Cao, Yuhong and Sun, Zhanhong and Sartoretti, Guillaume",
Travelling Salesman Problem,A Reinforcement Learning Approach for Optimizing Multiple Traveling Salesman Problems over Graphs,KBS,2020,journal,https://www.sciencedirect.com/science/article/pii/S0950705120304445,"Hu, Yujiao and Yao, Yuan and Lee, Wee Sun",
Travelling Salesman Problem; Vehicle Routing Problem,Reinforcement Learning for Route Optimization with Robustness Guarantees,IJCAI,2021,paper,https://www.ijcai.org/proceedings/2021/0357.pdf,"Jacobs, Tobias and Alesiani, Francesco and Ermis, Gulcin",
Travelling Salesman Problem,Learning 2-opt Heuristics for the Traveling Salesman Problem via Deep Reinforcement Learning,ACML,2020,paper,http://proceedings.mlr.press/v129/costa20a,"d O Costa, Paulo R and Rhuggenaath, Jason and Zhang, Yingqian and Akcay, Alp",https://github.com/paulorocosta/learning-2opt-drl
Travelling Salesman Problem,The First AI4TSP Competition: Learning to Solve Stochastic Routing Problems,Arxiv,2022,paper,https://arxiv.org/abs/2201.10453,"Bliek, Laurens and da Costa, Paulo and Afshar, Reza Refaei and Zhang, Yingqian and Catshoek, Tom and Vos, Daniel and Verwer, Sicco and Schmitt-Ulms, Fynn and Hottung, Andre and Shah, Tapan and others",https://github.com/paulorocosta/ai-for-tsp-competition
Travelling Salesman Problem,Graph Neural Network Guided Local Search for the Traveling Salesperson Problem,ICLR,2022,paper,https://openreview.net/forum?id=ar92oEosBIg,"Hudson, Benjamin and Li, Qingbiao and Malencia, Matthew and Prorok, Amanda",
Travelling Salesman Problem; Vehicle Routing Problem,Preference Conditioned Neural Multi-objective Combinatorial Optimization,ICLR,2022,paper,https://openreview.net/forum?id=QuObT9BTWo,"Lin, Xi and Yang, Zhiyuan and Zhang, Qingfu",
Travelling Salesman Problem; Vehicle Routing Problem,Learning Generalizable Models for Vehicle Routing Problems via Knowledge Distillation,NeurIPS,2022,paper,https://openreview.net/forum?id=sOVNpUEgKMp,"Bi, Jieyi and Ma, Yining and Wang, Jiahai and Cao, Zhiguang and Chen, Jinbiao and Sun, Yuan and Chee, Yeow Meng",https://github.com/jieyibi/AMDKD
Travelling Salesman Problem,DIMES: A Differentiable Meta Solver for Combinatorial Optimization Problems,NeurIPS,2022,paper,https://openreview.net/forum?id=9u05zr0nhx,"Qiu, Ruizhong and Sun, Zhiqing and Yang, Yiming",
Travelling Salesman Problem; Vehicle Routing Problem,Sym-NCO: Leveraging Symmetricity for Neural Combinatorial Optimization,NeurIPS,2022,paper,https://openreview.net/forum?id=kHrE2vi5Rvs,"Kim, Minsu and Park, Junyoung and Park, Jinkyoo",https://github.com/alstn12088/Sym-NCO
Travelling Salesman Problem; Vehicle Routing Problem,Simulation-guided Beam Search for Neural Combinatorial Optimization,NeurIPS,2022,paper,https://openreview.net/forum?id=tYAS1Rpys5,"Choo, Jinho and Kwon, Yeong-Dae and Kim, Jihoon and Jae, Jeongwoo and Hottung, Andr{\'e} and Tierney, Kevin and Gwon, Youngjune",https://github.com/yd-kwon/SGBS
Travelling Salesman Problem; Vehicle Routing Problem,Learning to CROSS exchange to solve min-max vehicle routing problems,ICLR,2023,paper,https://openreview.net/forum?id=ZcnzsHC10Y,"Kim, Minjun and Park, Junyoung and Park, Jinkyoo",
Travelling Salesman Problem; Vehicle Routing Problem,Generalize Learned Heuristics to Solve Large-scale Vehicle Routing Problems in Real-time,ICLR,2023,paper,https://openreview.net/forum?id=6ZajpxqTlQ,"Hou, Qingchun and Yang, Jingwei and Su, Yiqiang and Wang, Xiaoqing and Deng, Yuming",
Travelling Salesman Problem; Maximal/Maximum Independent Set; Generalization,⭐ROCO: A General Framework for Evaluating Robustness of Combinatorial Optimization Solvers on Graphs,ICLR,2023,paper,https://openreview.net/forum?id=2r6YMqz4Mml,"Lu, Han and Li, Zenan and Wang, Runzhong and Ren, Qibing and Li, Xijun and Yuan, Mingxuan and Zeng, Jia and Yang, Xiaokang and Yan, Junchi",https://github.com/Thinklab-SJTU/ROCO
Travelling Salesman Problem,Pointerformer: Deep Reinforced Multi-Pointer Transformer for the Traveling Salesman Problem,Arxiv,2023,paper,https://arxiv.org/abs/2304.09407,"Yan Jin, Yuandong Ding, Xuanhao Pan, Kun He, Li Zhao, Tao Qin, Lei Song, Jiang Bian",https://github.com/Pointerformer/Pointerformer
Travelling Salesman Problem,H-tsp: Hierarchically solving the large-scale traveling salesman problem,AAAI,2023,paper,https://www.microsoft.com/en-us/research/publication/h-tsp-hierarchically-solving-the-large-scale-traveling-salesman-problem/,"Xuanhao Pan,  Yan Jin,  Yuandong Ding,  Mingxiao Feng,  Li Zhao,  Lei Song,  Jiang Bian",https://github.com/Learning4Optimization-HUST/H-TSP
Travelling Salesman Problem,Select and Optimize: Learning to solve large-scale TSP instances,AISTATS,2023,paper,https://proceedings.mlr.press/v206/cheng23a.html,"Hanni Cheng, Haosi Zheng, Ya Cong, Weihao Jiang, Shiliang Pu",
Travelling Salesman Problem,Multi-View Graph Contrastive Learning for Solving Vehicle Routing Problems,UAI,2023,paper,https://openreview.net/pdf?id=Z-mRKVaxVU3,"Yuan Jiang, Zhiguang Cao, Yaoxin Wu, Jie Zhang",
Travelling Salesman Problem; Maximal/Maximum Independent Set; Maximal Cut,Revisiting Sampling for Combinatorial Optimization,ICML,2023,paper,https://icml.cc/virtual/2023/poster/23661,"Sun, Haoran, Goshvadi Katayoon,Nova Azade,Schuurmans  Dale and Dai Hanjun.",
Travelling Salesman Problem; Vehicle Routing Problem; Orienteering Problem,Meta-SAGE: Scale Meta-Learning Scheduled Adaptation with Guided Exploration for Mitigating Scale Shift on Combinatorial Optimization,ICML,2023,paper,https://icml.cc/virtual/2023/poster/25138,"Son, Jiwoo and Kim, Minsu and Kim, Hyeonah and Park, Jinkyoo",
Travelling Salesman Problem; Vehicle Routing Problem; Generalization,Towards Omni-generalizable Neural Methods for Vehicle Routing Problems,ICML,2023,paper,https://icml.cc/virtual/2023/poster/25267,"Zhou Jianan, Yaoxin Wu, Wen Song, Zhiguang Cao, Jie Zhang",https://github.com/RoyalSkye/Omni-VRP
Travelling Salesman Problem; Vehicle Routing Problem; Orienteering Problem,DeepACO: Neural-enhanced Ant Systems for Combinatorial Optimization,NeurIPS,2023,paper,https://arxiv.org/abs/2309.14032,"Haoran Ye, Jiarui Wang, Zhiguang Cao, Helan Liang, Yong Li",https://github.com/henry-yeh/DeepACO
Travelling Salesman Problem; Vehicle Routing Problem,Neural Combinatorial Optimization with Heavy Decoder: Toward Large Scale Generalization,NeurIPS,2023,paper,https://openreview.net/forum?id=RBI4oAbdpm,"Fu Luo, Xi Lin, Fei Liu, Qingfu Zhang, Zhenkun Wang",
Travelling Salesman Problem; Maximal/Maximum Independent Set,DIFUSCO: Graph-based Diffusion Solvers for Combinatorial Optimization,NeurIPS,2023,paper,https://openreview.net/forum?id=JV8Ff0lgVV,"Zhiqing Sun, Yiming Yang",https://github.com/Edward-Sun/DIFUSCO
Travelling Salesman Problem; Maximal/Maximum Independent Set,⭐From Distribution Learning in Training to Gradient Search in Testing for Combinatorial Optimization,NeurIPS,2023,paper,https://openreview.net/forum?id=JtF0ugNMv2,"Yang Li, Jinpei Guo, Runzhong Wang, Junchi Yan",https://github.com/Thinklab-SJTU/T2TCO
Travelling Salesman Problem; Vehicle Routing Problem;Orienteering Problem;Job Shop Scheduling Problem;Knapsack,DeepACO: Neural-enhanced Ant Systems for Combinatorial Optimization,NeurIPS,2023,paper,https://openreview.net/forum?id=cd5D1DD923,"Ye, Haoran and Wang, Jiarui and Cao, Zhiguang and Liang, Helan and Li, Yong",https://github.com/henry-yeh/DeepACO
Travelling Salesman Problem; Vehicle Routing Problem;Job Shop Scheduling Problem;Knapsack,Winner Takes It All: Training Performant RL Populations for Combinatorial Optimization,NeurIPS,2023,paper,https://openreview.net/forum?id=v6VpqGcGAR,"Grinsztajn, Nathan and Furelos-Blanco, Daniel and Surana, Shikha and Bonnet, Cl{\'e}ment and Barrett, Thomas D",
Travelling Salesman Problem; Maximal Cut,Optimizing Solution-Samplers for Combinatorial Problems: The Landscape of Policy-Gradient Methods,NeurIPS,2023,paper,https://openreview.net/forum?id=mmTy1iyU5G,"Caramanis, Constantine and Fotakis, Dimitris and Kalavasis, Alkis and Kontonis, Vasilis and Tzamos, Christos",https://openreview.net/attachment?id=mmTy1iyU5G&name=supplementary_material
Travelling Salesman Problem; Vehicle Routing Problem;Job Shop Scheduling Problem,Combinatorial Optimization with Policy Adaptation using Latent Space Search,NeurIPS,2023,paper,https://openreview.net/forum?id=vpMBqdt9Hl,"Chalumeau, Felix and Surana, Shikha and Bonnet, Cl{\'e}ment and Grinsztajn, Nathan and Pretorius, Arnu and Laterre, Alexandre and Barrett, Thomas D",
Travelling Salesman Problem; Vehicle Routing Problem;Knapsack,Efficient Meta Neural Heuristic for Multi-Objective Combinatorial Optimization,NeurIPS,2023,paper,https://openreview.net/forum?id=593fc38lhN,"Chen, Jinbiao and Wang, Jiahai and Zhang, Zizhen and Cao, Zhiguang and Ye, Te and Chen, Siyuan",https://github.com/bill-cjb/EMNH
Travelling Salesman Problem; Vehicle Routing Problem;Knapsack,BQ-NCO: Bisimulation Quotienting for Efficient Neural Combinatorial Optimization,NeurIPS,2023,paper,https://openreview.net/forum?id=BRqlkTDvvm,"Drakulic, Darko and Michel, Sofia and Mai, Florian and Sors, Arnaud and Andreoli, Jean-Marc",https://github.com/naver/bq-nco
Travelling Salesman Problem; Vehicle Routing Problem,Neural Combinatorial Optimization with Heavy Decoder: Toward Large Scale Generalization,NeurIPS,2023,paper,https://openreview.net/forum?id=RBI4oAbdpm,"Luo, Fu and Lin, Xi and Liu, Fei and Zhang, Qingfu and Wang, Zhenkun",https://github.com/CIAM-Group/NCO_code/tree/main/single_objective/LEHD
Travelling Salesman Problem; Vehicle Routing Problem;Knapsack,Neural Multi-Objective Combinatorial Optimization with Diversity Enhancement,NeurIPS,2023,paper,https://openreview.net/forum?id=N4JkStI1fe,"Chen, Jinbiao and Zhang, Zizhen and Cao, Zhiguang and Wu, Yaoxin and Ma, Yining and Ye, Te and Wang, Jiahai",https://github.com/bill-cjb/NHDE
Travelling Salesman Problem,Unsupervised Learning for Solving the Travelling Salesman Problem,NeurIPS,2023,paper,https://openreview.net/forum?id=lAEc7aIW20,"Min, Yimeng and Bai, Yiwei and Gomes, Carla P",
Travelling Salesman Problem; Vehicle Routing Problem,Ensemble-based Deep Reinforcement Learning for Vehicle Routing Problems under Distribution Shift,NeurIPS,2023,paper,https://openreview.net/forum?id=HoBbZ1vPAh,"Jiang, Yuan and Cao, Zhiguang and Wu, Yaoxin and Song, Wen and Zhang, Jie",
Travelling Salesman Problem; Vehicle Routing Problem,Learning to Search Feasible and Infeasible Regions of Routing Problems with Flexible Neural k-Opt,NeurIPS,2023,paper,https://openreview.net/forum?id=q1JukwH2yP,"Ma, Yining and Cao, Zhiguang and Chee, Yeow Meng",https://github.com/yining043/NeuOpt
Vehicle Routing Problem,Deep Reinforcement Learning for the Electric Vehicle Routing Problem with Time Windows.,Arxiv,2020,paper,https://arxiv.org/abs/2010.02068,"Lin, Bo and Ghaddar, Bissan and Nathwani, Jatin.",
Vehicle Routing Problem,"Efficiently Solving the Practical,Vehicle Routing Problem: A Novel Joint Learning Approach.",KDD,2020,paper,https://www.kdd.org/kdd2020/accepted-papers/view/efficiently-solving-the-practical-vehicle-routing-problem-a-novel-joint-lea,"Lu Duan, Yang Zhan, Haoyuan Hu, Yu Gong, Jiangwen Wei, Xiaodong Zhang, Yinghui Xu",
Vehicle Routing Problem; Computing Resource Allocation,Learning to Perform Local Rewriting for Combinatorial Optimization.,NeurIPS,2019,paper,https://arxiv.org/abs/1810.00337,"Chen, Xinyun and Tian, Yuandong.",https://github.com/facebookresearch/neural-rewriter
Vehicle Routing Problem,Reinforcement Learning with Combinatorial Actions: An Application to Vehicle Routing,NeurIPS,2020,paper,https://papers.nips.cc/paper/2020/file/06a9d51e04213572ef0720dd27a84792-Paper.pdf,"Arthur Delarue, Ross Anderson, Christian Tjandraatmadja",https://github.com/google-research/tf-opt
Vehicle Routing Problem,A Learning-based Iterative Method for Solving Vehicle Routing Problems,ICLR,2020,paper,https://static.aminer.cn/upload/pdf/program/5e5e18dd93d709897ce3720b_0.pdf,"Lu, Hao and Zhang, Xingwen and Yang, Shuang",
Vehicle Routing Problem,Multi-Decoder Attention Model with Embedding Glimpse for Solving Vehicle Routing Problems.,AAAI,2021,paper,https://arxiv.org/abs/2012.10638,"Liang Xin, Wen Song, Zhiguang Cao, Jie Zhang",https://github.com/liangxinedu/MDAM
Vehicle Routing Problem,Analytics and Machine Learning in Vehicle Routing Research,Arxiv,2021,paper ,https://arxiv.org/abs/2102.10012,"Bai, Ruibin and Chen, Xinan and Chen, Zhi-Long and Cui, Tianxiang and Gong, Shuhui and He, Wentao and Jiang, Xiaoping and Jin, Huan and Jin, Jiahuan and Kendall, Graham and others",
Vehicle Routing Problem,RP-DQN: An application of Q-Learning to Vehicle Routing Problems,Arxiv,2021,paper,https://arxiv.org/abs/2104.12226,"Bdeir, Ahmad and Boeder, Simon and Dernedde, Tim and Tkachuk, Kirill and Falkner, Jonas K and Schmidt-Thieme, Lars",
Vehicle Routing Problem,Deep Policy Dynamic Programming for Vehicle Routing Problems,Arxiv,2021,paper,https://arxiv.org/abs/2102.11756,"Kool, Wouter and van Hoof, Herke and Gromicho, Joaquim and Welling, Max",
Vehicle Routing Problem,Neural Large Neighborhood Search for the Capacitated Vehicle Routing Problem,Arxiv,2020,paper,https://arxiv.org/abs/1911.09539,"Hottung, Andre and Tierney, Kevin",
Vehicle Routing Problem,Learning to Delegate for Large-scale Vehicle Routing,NeurIPS,2021,paper,https://proceedings.neurips.cc/paper/2021/hash/dc9fa5f217a1e57b8a6adeb065560b38-Abstract.html,"Li, Sirui and Yan, Zhongxia and Wu, Cathy",
Vehicle Routing Problem,Learning a Latent Search Space for Routing Problems using Variational Autoencoders,ICLR,2021,paper,https://openreview.net/forum?id=90JprVrJBO,"Hottung, Andre and Bhandari, Bhanu and Tierney, Kevin",
Computing Resource Allocation,Resource Management with Deep Reinforcement Learning.,HotNets,2016,paper,https://dl.acm.org/doi/abs/10.1145/3005745.3005750,"Mao, Hongzi and Alizadeh, Mohammad and Menache, Ishai and Kandula, Srikanth.",
Computing Resource Allocation,Learning Scheduling Algorithms for Data Processing Clusters,SIGCOMM,2019,paper,https://static.aminer.cn/storage/pdf/arxiv/18/1810/1810.01963.pdf,"Mao, Hongzi and Schwarzkopf, Malte and Venkatakrishnan, Bojja Shaileshh and Meng, Zili and Alizadeh, Mohammad.",https://github.com/hongzimao/decima-sim
Computing Resource Allocation,Smart Resource Allocation for Mobile Edge Computing: A Deep Reinforcement Learning Approach,IEEE Transactions on Emerging Topics in Computing,2019,Paper,https://ieeexplore.ieee.org/abstract/document/8657791,Jiadai; Lei Zhao; Jiajia Liu; Nei Kato,
Computing Resource Allocation,A Two-stage Framework and Reinforcement Learning-based Optimization Algorithms for Complex Scheduling Problems,Arxiv ,2021,paper ,https://arxiv.org/abs/2103.05847,"He, Yongming and Wu, Guohua and Chen, Yingwu and Pedrycz, Witold",
Bin Packing Problem,Small Boxes Big Data: A Deep Learning Approach to Optimize Variable Sized Bin Packing,BigDataService,2017,paper,https://ieeexplore.ieee.org/abstract/document/7944923/?casa_token=mRzI_XBy3ycAAAAA:yD9Le2KBNq1TMpW_1etb0RF-oFVcLJj9Up0Z2qI6XJmA-UffxxSZRIx7RklaQED-yXwuwBC4M_w,"Mao, Feng and Blanco, Edgar and Fu, Mingang and Jain, Rohit and Gupta, Anurag and Mancel, Sebastien and Yuan, Rong and Guo, Stephen and Kumar, Sai and Tian, Yayang",
Bin Packing Problem,Solving a New 3D Bin Packing Problem with Deep Reinforcement Learning Method,Arxiv,2017,paper,https://arxiv.org/abs/1708.05930,"Hu, Haoyuan and Zhang, Xiaodong and Yan, Xiaowei and Wang, Longfei and Xu, Yinghui",
Bin Packing Problem,Best Arm Identification in Multi-armed Bandits with Delayed Feedback,PMLR,2018,paper,http://proceedings.mlr.press/v84/grover18b.html,"Grover, Aditya and Markov, Todor and Attia, Peter and Jin, Norman and Perkins, Nicolas and Cheong, Bryan and Chen, Michael and Yang, Zi and Harris, Stephen and Chueh, William and others",
Bin Packing Problem,A Multi-task Selected Learning Approach for Solving 3D Bin Packing Problem.,AAMAS,2019,paper,https://arxiv.org/abs/1804.06896,"Duan, Lu and Hu, Haoyuan and Qian, Yu and Gong, Yu and Zhang, Xiaodong and Xu, Yinghui and Wei, Jiangwen.",
Bin Packing Problem,Ranked Reward: Enabling Self-Play Reinforcement Learning for Combinatorial Optimization Alexandre,Arxiv,2018,paper,https://arxiv.org/abs/1807.01672,"Laterre, Alexandre and Fu, Yunguan and Jabri, Mohamed Khalil and Cohen, Alain-Sam and Kas, David and Hajjar, Karl and Dahl, Torbjorn S and Kerkeni, Amine and Beguir, Karim",
Bin Packing Problem,A Data-Driven Approach for Multi-level Packing Problems in Manufacturing Industry,KDD,2019,paper,https://dl.acm.org/doi/abs/10.1145/3292500.3330708,"Chen, Lei and Tong, Xialiang and Yuan, Mingxuan and Zeng, Jia and Chen, Lei",
Bin Packing Problem,Solving Packing Problems by Conditional Query Learning,OpenReview,2019,paper,https://openreview.net/forum?id=BkgTwRNtPB,"Li, Dongda and Ren, Changwei and Gu, Zhaoquan and Wang, Yuexuan and Lau, Francis",
Bin Packing Problem,RePack: Dense Object Packing Using Deep CNN with Reinforcement Learning,CACS,2019,paper,https://ieeexplore.ieee.org/abstract/document/9024360/?casa_token=ScXezdDDiwMAAAAA:fglP_vbiQUJgLZcM7YZyqnDh_qA8jOjIh-zbH7ru0XSVBghh8OAxpThOU3BqhBeet4NlSrdHPcU,"Chu, Yu-Cheng and Lin, Horng-Horng",
Bin Packing Problem,Online 3D Bin Packing with Constrained Deep Reinforcement Learning.,AAAI,2021,paper,https://arxiv.org/abs/2006.14978,"Zhao, Hang and She, Qijin and Zhu, Chenyang and Yang, Yin and Xu, Kai.",https://github.com/alexfrom0815/Online-3D-BPP-DRL
Bin Packing Problem,A Generalized Reinforcement Learning Algorithm for Online 3D Bin-Packing.,AAAI Workshop,2020,paper,https://arxiv.org/abs/2007.00463,"Verma, Richa and Singhal, Aniruddha and Khadilkar, Harshad and Basumatary, Ansuma and Nayak, Siddharth and Singh, Harsh Vardhan and Kumar, Swagat and Sinha, Rajesh.",
Bin Packing Problem,Robot Packing with Known Items and Nondeterministic Arrival Order.,TASAE,2020,paper,https://ieeexplore.ieee.org/abstract/document/9205914/,"Wang, Fan and Hauser, Kris.",
Bin Packing Problem,TAP-Net: Transport-and-Pack using Reinforcement Learning.,TOG,2020,paper,https://dl.acm.org/doi/abs/10.1145/3414685.3417796,"Hu, Ruizhen and Xu, Juzhan and Chen, Bin and Gong, Minglun and Zhang, Hao and Huang, Hui.",https://github.com/Juzhan/TAP-Net
Bin Packing Problem,Simultaneous Planning for Item Picking and Placing by Deep Reinforcement Learning,IROS,2020,paper,http://ras.papercept.net/images/temp/IROS/files/0330.pdf,"Tanaka, Tatsuya and Kaneko, Toshimitsu and Sekine, Masahiro and Tangkaratt, Voot and Sugiyama, Masashi",
Bin Packing Problem,Monte Carlo Tree Search on Perfect Rectangle Packing Problem Instances,GECCO,2020,paper,https://dl.acm.org/doi/abs/10.1145/3377929.3398115,"Pejic, Igor and van den Berg, Daan",
Bin Packing Problem,PackIt: A Virtual Environment for Geometric Planning,ICML,2020,paper,http://proceedings.mlr.press/v119/goyal20b.html,"Goyal, Ankit and Deng, Jia",https://github.com/princeton-vl/PackIt
Bin Packing Problem,Learning Practically Feasible Policies for Online 3D Bin Packing,Arxiv,2021,paper,https://arxiv.org/abs/2108.13680,Hang Zhao and Chenyang Zhu and Xin Xu and Hui Huang and Kai Xu,
Bin Packing Problem,Attend2Pack: Bin Packing through Deep Reinforcement Learning with Attention,ICML Workshop,2021,paper,https://arxiv.org/abs/2107.04333,Jingwei Zhang and Bin Zi and Xiaoyu Ge,
Bin Packing Problem,Solving 3D bin packing problem via multimodal deep reinforcement learning,AAMAS,2021,paper,https://www.ifaamas.org/Proceedings/aamas2021/pdfs/p1548.pdf,"Jiang, Yuan, Zhiguang Cao, and Jie Zhang",
Bin Packing Problem,Reinforcement learning driven heuristic optimization,Arxiv,2019,paper,https://arxiv.org/pdf/1906.06639.pdf,"Cai, Qingpeng and Hang, Will and Mirhoseini, Azalia and Tucker, George and Wang, Jingtao and Wei, Wei",
Bin Packing Problem,Learning to Solve 3-D Bin Packing Problem via Deep Reinforcement Learning and Constraint Programming,IEEE transactions on cybernetics,2021,paper,https://ieeexplore.ieee.org/document/9606618/,"Jiang, Yuan and Cao, Zhiguang and Zhang, Jie",
Bin Packing Problem,Learning to Pack: A Data-Driven Tree Search Algorithm for Large-Scale 3D Bin Packing Problem,CIKM,2021,paper,https://dl.acm.org/doi/abs/10.1145/3459637.3481933,"Zhu, Qianwen and Li, Xihan and Zhang, Zihan and Luo, Zhixing and Tong, Xialiang and Yuan, Mingxuan and Zeng, Jia",
Bin Packing Problem,Learning Efficient Online 3D Bin Packing on Packing Configuration Trees.,ICLR,2022,paper,https://openreview.net/forum?id=bfuGjlCwAq,Hang Zhao and Kai Xu,
Bin Packing Problem,Improved Algorithms for Multi-period Multi-class Packing Problemswith Bandit Feedback,ICML,2023,paper,https://icml.cc/virtual/2023/poster/24252,"Kim, Wonyoung and Iyengar, Garud and Zeevi, Assaf",
Bin Packing Problem,Adjustable Robust Reinforcement Learning for Online 3D Bin Packing,NeurIPS,2023,paper,https://openreview.net/forum?id=1mdTYi1jAW,"Pan, Yuxin and Chen, Yize and Lin, Fangzhen",
Graph Edit Distance,SimGNN - A Neural Network Approach to Fast Graph Similarity Computation,WSDM,2019,paper,https://arxiv.org/abs/1808.05689,"Bai, Yunsheng and Ding, Hao and Bian, Song and Chen, Ting and Sun, Yizhou and Wang, Wei",https://github.com/yunshengb/SimGNN
Graph Edit Distance,Graph Matching Networks for Learning the Similarity of Graph Structured Objects,ICML,2019,paper,https://arxiv.org/abs/1904.12787,"Li, Yujia and Gu, Chenjie and Dullien, Thomas and Vinyals, Oriol and Kohli, Pushmeet",https://github.com/Lin-Yijie/Graph-Matching-Networks
Graph Edit Distance; Computing Resource Allocation; Hamiltonian Cycle Problem,⭐A Bi-Level Framework for Learning to Solve Combinatorial Optimization on Graphs,NeurIPS,2021,paper,https://arxiv.org/abs/2106.04927,"Wang, Runzhong and Hua, Zhigang and Liu, Gan and Zhang, Jiayi and Yan, Junchi and Qi, Feng and Yang, Shuang and Zhou, Jun and Yang, Xiaokang",https://github.com/Thinklab-SJTU/PPO-BiHyb
Graph Edit Distance,Convolutional Embedding for Edit Distance,SIGIR,2020,paper,https://dl.acm.org/doi/abs/10.1145/3397271.3401045,"Dai, Xinyan and Yan, Xiao and Zhou, Kaiwen and Wang, Yuxuan and Yang, Han and Cheng, James",https://github.com/xinyandai/string-embed
Graph Edit Distance,Learning-Based Efficient Graph Similarity Computation via Multi-Scale Convolutional Set Matching,AAAI,2020,paper,https://ojs.aaai.org/index.php/AAAI/article/view/5720,"Bai, Yunsheng and Ding, Hao and Gu, Ken and Sun, Yizhou and Wang, Wei",https://github.com/yunshengb/GraphSim
Graph Edit Distance,⭐Combinatorial Learning of Graph Edit Distance via Dynamic Embedding.,CVPR,2021,paper,https://arxiv.org/abs/2011.15039,"Wang, Runzhong and Zhang, Tianqi and Yu, Tianshu and Yan, Junchi and Yang, Xiaokang.",https://github.com/Thinklab-SJTU/GENN-Astar
Graph Coloring,Deep Learning-based Hybrid Graph-Coloring Algorithm for Register Allocation.,Arxiv,2019,paper,https://arxiv.org/abs/1912.03700,"Das, Dibyendu and Ahmad, Shahid Asghar and Venkataramanan, Kumar.",
Graph Coloring,Neural Models for Output-Space Invariance in Combinatorial Problems,ICLR,2022,paper,https://openreview.net/forum?id=ibrUkC-pbis,"Nandwani, Yatin and Jain, Vidit and Singla, Parag and others",
Graph Coloring,Enhancing Column Generation by a Machine-Learning-Based Pricing Heuristic for Graph Coloring,AAAI,2022,paper,https://www.aaai.org/AAAI22Papers/AAAI-4026.ShenY.pdf,"Shen, Yunzhuang, Yuan Sun, Xiaodong Li, Andrew Craig Eberhard and Andreas T. Ernst.",https://github.com/Joey-Shen/MLPH.git
Graph Coloring,Learning to Generate Columns with Application to Vertex Coloring,ICLR,2023,paper,https://openreview.net/forum?id=JHW30A4DXtO,"Sun, Yuan and Ernst, Andreas T and Li, Xiaodong and Weiner, Jake",https://github.com/yuansuny/mlcg
Maximal Common Subgraph,Fast Detection of Maximum Common Subgraph via Deep Q-Learning.,Arxiv,2020,paper,https://arxiv.org/abs/2002.03129,"Bai, Yunsheng and Xu, Derek and Wang, Alex and Gu, Ken and Wu, Xueqing and Marinovic, Agustin and Ro, Christopher and Sun, Yizhou and Wang, Wei.",
Influence Maximization,Learning Heuristics over Large Graphs via Deep Reinforcement Learning.,NeurIPS,2020,paper,https://arxiv.org/abs/1903.03332,"Mittal, Akash and Dhawan, Anuj and Manchanda, Sahil and Medya, Sourav and Ranu, Sayan and Singh, Ambuj.",
Influence Maximization,Controlling Graph Dynamics with Reinforcement Learning and Graph Neural Networks.,ICML,2021,paper,https://arxiv.org/abs/2010.05313,"Eli A. Meirom, Haggai Maron, Shie Mannor, Gal Chechik",
Influence Maximization; Maximal Cut,LeNSE: Learning To Navigate Subgraph Embeddings for Large-Scale Combinatorial Optimisation,ICML,2022,paper,https://proceedings.mlr.press/v162/ireland22a.html,"Ireland, David and G. Montana",https://github.com/davidireland3/LeNSE
Influence Maximization,⭐Towards One-shot Neural Combinatorial Solvers: Theoretical and Empirical Notes on the Cardinality-Constrained Case,ICLR,2023,paper,https://openreview.net/forum?id=h21yJhdzbwz,"Wang, Runzhong and Shen, Li and Chen, Yiting and Yan, Junchi and Yang, Xiaokang and Tao, Dacheng",https://github.com/Thinklab-SJTU/One-Shot-Cardinality-NN-Solver
Influence Maximization,Deep Graph Representation Learning and Optimization for Influence Maximization,ICML,2023,paper,https://icml.cc/virtual/2023/poster/24512,Chen Ling and Junji Jiang and Junxiang Wang and My T. Thai and Lukas Xue and James Song and Meikang Qiu and Liang Zhao,
Maximal/Maximum Independent Set,Combinatorial Optimization with Graph Convolutional Networks and Guided Tree Search.,NeurIPS,2018,paper,https://arxiv.org/abs/1810.10659,"Li, Zhuwen and Chen, Qifeng and Koltun, Vladlen.",
Maximal/Maximum Independent Set,Distributed Scheduling Using Graph Neural Networks,ICASSP,2021,paper,https://ieeexplore.ieee.org/abstract/document/9414098?casa_token=Q4coRBbINPMAAAAA:0T8L49Kyn9p4CoM20-FqINKCyk_Sm3ye5TemPT8GlG3C3wXXLvn1RGKeHgriiyZIcg_GFB4z1A,"Zhao, Zhongyuan and Verma, Gunjan and Rao, Chirag and Swami, Ananthram and Segarra, Santiago",
Maximal/Maximum Independent Set,Solving Graph-based Public Good Games with Tree Search and Imitation Learning,NeurlPS,2021,paper,https://arxiv.org/abs/2106.06762,"Darvariu, Victor-Alexandru and Hailes, Stephen and Musolesi, Mirco",
Maximal/Maximum Independent Set,NN-Baker: A Neural-network Infused Algorithmic Framework for Optimization Problems on Geometric Intersection Graphs,NeurlPS,2021,paper,https://papers.nips.cc/paper/2021/file/c236337b043acf93c7df397fdb9082b3-Paper.pdf,"McCarty, Evan and Zhao, Qi and Sidiropoulos, Anastasios and Wang, Yusu",
Maximal/Maximum Independent Set,Learning What to Defer for Maximum Independent Sets,ICML,2020,paper,http://proceedings.mlr.press/v119/ahn20a.html,"Ahn, Sungsoo and Seo, Younggyo and Shin, Jinwoo",
Maximal/Maximum Independent Set,What's Wrong with Deep Learning in Tree Search for Combinatorial Optimization,ICLR,2022,paper,https://openreview.net/forum?id=mk0HzdqY7i1,"Bother, Maximilian and Kissig, Otto and Taraz, Martin and Cohen, Sarel and Seidel, Karen and Friedrich, Tobias",https://github.com/MaxiBoether/mis-benchmark-framework
Maximal/Maximum Independent Set,Unsupervised Learning for Combinatorial Optimization Needs Meta Learning,ICLR,2023,paper,https://openreview.net/forum?id=-ENYHCE8zBp,"Wang, Haoyu and Li, Pan",https://github.com/Graph-COM/Meta_CO
Maximal/Maximum Independent Set,Graph-based Deterministic Policy Gradient for Repetitive Combinatorial Optimization Problems,ICLR,2023,paper,https://openreview.net/forum?id=yHIIM9BgOo,"Zhao, Zhongyuan and Swami, Ananthram and Segarra, Santiago",https://github.com/XzrTGMu/twin-nphard
Maximal/Maximum Independent Set;Boolean Satisfiability,Optimistic tree search strategies for black-box combinatorial optimization,NeurlPS,2022,paper,https://openreview.net/forum?id=JGLW4DvX11F,"Malherbe, Cedric and Grosnit, Antoine and Tutunov, Rasul and Ammar, Haitham Bou and Wang, Jun",
Maximal/Maximum Independent Set;Maximal Cut;Boolean Satisfiability,Let the Flows Tell: Solving Graph Combinatorial Optimization Problems with GFlowNets,NeurlPS,2023,paper,https://arxiv.org/abs/2305.17010,"Dinghuai Zhang, Hanjun Dai, Nikolay Malkin, Aaron Courville, Yoshua Bengio, Ling Pan",https://github.com/zdhNarsil/GFlowNet-CombOpt
Maximal/Maximum Independent Set;Maximal Cut,Variational Annealing on Graphs for Combinatorial Optimization,NeurlPS,2023,paper,https://openreview.net/forum?id=SLx7paoaTU,"Sanokowski, Sebastian and Berghammer, Wilhelm Franz and Hochreiter, Sepp and Lehner, Sebastian",https://github.com/ml-jku/VAG-CO
Maximal/Maximum Independent Set,Maximum Independent Set: Self-Training through Dynamic Programming,NeurlPS,2023,paper,https://openreview.net/forum?id=igE3Zbxvws,"Brusca, Lorenzo and Quaedvlieg, Lars CPM and Skoulakis, Stratis and Chrysos, Grigorios G and Cevher, Volkan",https://github.com/LIONS-EPFL/dynamic-MIS
Maximal Cut,Exploratory Combinatorial Optimization with Reinforcement Learning.,AAAI,2020,paper,https://ojs.aaai.org/index.php/AAAI/article/view/5723,"LBarrett, Thomas and Clements, William and Foerster, Jakob and Lvovsky, Alex.",
Maximal Cut,Erdos Goes Neural: an Unsupervised Learning Framework for Combinatorial Optimization on Graphs.,NeurIPS,2020,paper,https://static.aminer.cn/upload/pdf/575/1127/1864/5eede0b791e0116a23aafe7b_1.pdf,"Karalias, Nikolaos and Loukas, Andreas",
Maximal Cut,Learning to Solve Combinatorial Graph Partitioning Problems via Efficient Exploration,Arxiv,2022,paper,https://arxiv.org/abs/2205.14105,"Barrett, Thomas D and Parsonson, Christopher WF and Laterre, Alexandre",https://github.com/tomdbar/ecord
Mixed Integer Programming,Sequential model-based optimization for general algorithm configuration,International conference on learning and intelligent optimization,2011,journal,https://link.springer.com/chapter/10.1007/978-3-642-25566-3_40,"Hutter, Frank and Hoos, Holger H and Leyton-Brown, Kevin",
Mixed Integer Programming,Non-model-based Search Guidance for Set Partitioning Problems,AAAI,2012,paper,https://www.aaai.org/ocs/index.php/AAAI/AAAI12/paper/view/5082,"Kadioglu, Serdar and Malitsky, Yuri and Sellmann, Meinolf",
Mixed Integer Programming,A Aupervised Machine Learning Approach to Variable Branching in Branch-and-bound,Citeseer,2014,journal,https://citeseerx.ist.psu.edu/document?repid=rep1&type=pdf&doi=f35ba2bbc87dd31ae0a89d3ed9538fec9d15b4f0,"Alvarez, Alejandro Marcos and Louveaux, Quentin and Wehenkel, Louis",
Mixed Integer Programming,Learningto Branch in Mixed Integer Programming,AAAI,2016,paper,https://www.aaai.org/ocs/index.php/AAAI/AAAI16/paper/download/12514/11657,"E. B. Khalil, P. L. Bodic, L. Song, G. Nemhauser, B. Dilkina",
Mixed Integer Programming,Dash: Dynamic Approach for Switching Heuristics,European Journal of Operational Research,2016,journal,https://www.sciencedirect.com/science/article/pii/S0377221715007559,"Di Liberto, Giovanni and Kadioglu, Serdar and Leo, Kevin and Malitsky, Yuri",
Mixed Integer Programming,Learning When to Use a Decomposition,International conference on AI and OR techniques in constraint programming for combinatorial optimization problems,2017,journal,https://link.springer.com/chapter/10.1007/978-3-319-59776-8_16,"Kruber, Markus and L{\u}bbecke Marco E and Parmentier  Axel""",
Mixed Integer Programming,Learning to Run Heuristics in Tree Search,IJCAI,2017,paper,https://www.ijcai.org/proceedings/2017/0092.pdf,"Khalil, Elias B and Dilkina, Bistra and Nemhauser, George L and Ahmed, Shabbir and Shao, Yufen",
Mixed Integer Programming,Improving Learning to Branch via Reinforcement Learning,NeurIPS Workshop,2020,paper,https://openreview.net/forum?id=z4D7-PTxTb,"Sun, Haoran and Chen, Wenbo and Li, Hui and Song, Le.",
Mixed Integer Programming,Reinforcement learning for variable selection in a branch and bound algorithm,International Conference on Integration of Constraint Programming,2020,journal,https://link.springer.com/chapter/10.1007/978-3-030-58942-4_12,"Etheve, Marc and Al{\`e}s, Zacharie and Bissuel, C{\^o}me and Juan, Olivier and Kedad-Sidhoum, Safia",
Mixed Integer Programming,Random sampling and machine learning to understand good decompositions,Annals of Operations Research,2020,journal,https://link.springer.com/article/10.1007/s10479-018-3067-9,"Basso, Saverio and Ceselli, Alberto and Tettamanzi, Andrea",
Mixed Integer Programming,CombOptNet: Fit the Right NP-Hard Problem by Learning Integer Programming Constraints,Arxiv,2021,paper,https://openreview.net/forum?id=z4D7-PTxTb,"Paulus, Anselm and Rolinek, Michal and Musil, Vit and Amos, Brandon and Martius, Georg",https://github.com/martius-lab/CombOptNet
Mixed Integer Programming,Reinforcement Learning for (Mixed) Integer Programming: Smart Feasibility Pump,ICML Workshop,2021,paper,https://arxiv.org/abs/2102.09663,"Qi, Meng and Wang, Mengxin and Shen, Zuo-Jun",
Mixed Integer Programming,Exact Combinatorial Optimization with Graph Convolutional Neural Networks,NeurlPS,2019,paper,https://arxiv.org/abs/1906.01629,"Gasse, Maxime and Chetelat, Didier and Ferroni, Nicola and Charlin, Laurent and Lodi, Andrea",https://github.com/ds4dm/learn2branch
Mixed Integer Programming,Hybrid Models for Learning to Branch,NeurlPS,2020,paper,https://arxiv.org/abs/2006.15212,"Gupta, Prateek and Gasse, Maxime and Khalil, Elias B and Kumar, M Pawan and Lodi, Andrea and Bengio, Yoshua",https://github.com/pg2455/Hybrid-learn2branch
Mixed Integer Programming,Parameterizing Branch-and-Bound Search Trees to Learn Branching Policies,AAAI,2021,paper,https://www.aaai.org/AAAI21Papers/AAAI-9826.ZarpellonG.pdf,"Zarpellon, Giulia and Jo, Jason and Lodi, Andrea and Bengio, Yoshua",https://github.com/ds4dm/branch-search-trees
Mixed Integer Programming,Learning to Select Cuts for Efficient Mixed-Integer Programming,Arxiv,2021,journal,https://arxiv.org/abs/2105.13645,"Huang, Zeren and Wang, Kerong and Liu, Furui and Zhen, Hui-ling and Zhang, Weinan and Yuan, Mingxuan and Hao, Jianye and Yu, Yong and Wang, Jun",
Mixed Integer Programming,Reinforcement Learning for Integer Programming: Learning to Cut,ICML,2020,paper,http://proceedings.mlr.press/v119/tang20a.html,"Tang, Yunhao and Agrawal, Shipra and Faenza, Yuri",
Mixed Integer Programming,Solving Mixed Integer Programs Using Neural Networks,Arxiv,2020,paper,https://arxiv.org/abs/2012.13349,"Nair, Vinod and Bartunov, Sergey and Gimeno, Felix and von Glehn, Ingrid and Lichocki, Pawel and Lobov, Ivan and O'Donoghue, Brendan and Sonnerat, Nicolas and Tjandraatmadja, Christian and Wang, Pengming and others",
Mixed Integer Programming,Learning to Search in Branch-and-Bound Algorithms,NeurlPS,2014,paper,http://papers.nips.cc/paper/5495-learning-to-search-in-branch-and-bound-algorithms,"He, He and Daume III, Hal and Eisner, Jason M",
Mixed Integer Programming,Learning Efficient Search Approximation in Mixed Integer Branch and Bound,Arxiv,2020,paper,https://arxiv.org/abs/2007.03948,"Yilmaz, Kaan and Yorke-Smith, Neil",
Mixed Integer Programming,Learning a Large Neighborhood Search Algorithm for Mixed Integer Programs,Arxiv,2020,paper,https://arxiv.org/abs/2107.10201,"Sonnerat, Nicolas and Wang, Pengming and Ktena, Ira and Bartunov, Sergey and Nair, Vinod",
Mixed Integer Programming,A General Large Neighborhood Search Framework for Solving Integer Linear Programs,NeurlPS,2020,paper,https://arxiv.org/abs/2004.00422,"Song, Jialin and Lanka, Ravi and Yue, Yisong and Dilkina, Bistra",
Mixed Integer Programming,Neural Large Neighborhood Search,NeurlPS Workshop,2020,paper,https://openreview.net/forum?id=xEQhKANoVW,"Nair, Vinod and Alizadeh, Mohammad and others",
Mixed Integer Programming,Accelerating Primal Solution Findings for Mixed Integer Programs Based on Solution Prediction,AAAI,2020,paper,https://arxiv.org/abs/1906.09575,"Ding, Jian-Ya, Chao Zhang, Lei Shen, Shengyin Li, Bing Wang, Yinghui Xu, and Le Song",
Mixed Integer Programming,Confidence Threshold Neural Diving,NeurIPS ML4CO Competition Workshop,2021,paper,https://arxiv.org/abs/2202.07506,Taehyun Yoon,
Mixed Integer Programming,Learning large neighborhood search policy for integer programming,NeurlPS,2021,paper,https://proceedings.neurips.cc/paper/2021/hash/fc9e62695def29ccdb9eb3fed5b4c8c8-Abstract.html,"Wu, Yaoxin and Song, Wen and Cao, Zhiguang and Zhang, Jie",
Mixed Integer Programming,Generative Deep Learning for Decision Making in Gas Networks,Arxiv,2021,paper,https://arxiv.org/abs/2102.02125,Lovis Anderson and Mark Turner and Thorsten Koch,
Mixed Integer Programming,Offline Constraint Screening for Online Mixed-integer Optimization,Arxiv,2021,paper,https://arxiv.org/abs/2103.13074,Asunción Jiménez-Cordero and Juan Miguel Morales and Salvador Pineda,
Mixed Integer Programming,Mixed Integer Programming versus Evolutionary Computation for Optimizing a Hard Real-World Staff Assignment Problem,ICAPS,2021,paper,https://ojs.aaai.org/index.php/ICAPS/article/view/3521,"Peters, Jannik and Stephan, Daniel and Amon, Isabel and Gawendowicz, Hans and Lischeid, Julius and Salabarria, Lennart and Umland, Jonas and Werner, Felix and Krejca, Martin S and Rothenberger, Ralf and others",
Mixed Integer Programming,Learning To Scale Mixed-Integer Programs,AAAI,2021,paper,https://www.aaai.org/AAAI21Papers/AAAI-7940.BertholdT.pdf,"Berthold, Timo, and Gregor Hendel",
Mixed Integer Programming,Learning Pseudo-Backdoors for Mixed Integer Programs,AAAI,2021,paper,https://arxiv.org/pdf/2106.05080.pdf,Aaron Ferber and Jialin Song and Bistra Dilkina and Yisong Yue,
Mixed Integer Programming,Confidence Threshold Neural Diving,NeurIPS ML4CO Competition Workshop,2021,paper,https://arxiv.org/abs/2202.07506,Taehyun Yoon,
Mixed Integer Programming,Learning Primal Heuristics for Mixed Integer Programs,IJCNN,2021,paper,https://arxiv.org/pdf/2107.00866.pdf,"Shen, Yunzhuang and Sun, Yuan and Eberhard, Andrew and Li, Xiaodong",
Mixed Integer Programming,Learning to Solve Large-scale Security-constrained Unit Commitment Problems,INFORMS Journal on Computing,2021,journal,https://pubsonline.informs.org/doi/abs/10.1287/ijoc.2020.0976,"Xavier, {\'A}linson S and Qiu, Feng and Ahmed, Shabbir",
Mixed Integer Programming,Learning to Branch with Tree MDPs,Arxiv,2022,paper,https://arxiv.org/abs/2205.11107,"Scavuzzo, Lara, F. Chen, Didier Ch'etelat, Maxime Gasse, Andrea Lodi, N. Yorke-Smith and Karen Aardal.",https://github.com/lascavana/rl2branch
Mixed Integer Programming,A Deep Reinforcement Learning Framework For Column Generation,Arxiv,2022,paper,https://arxiv.org/abs/2206.02568,"Chi, Cheng, Amine Mohamed Aboussalah, Elias Boutros Khalil, Juyoung Wang and Zoha Sherkat-Masoumi.",
Mixed Integer Programming,Ranking Constraint Relaxations for Mixed Integer Programs Using a Machine Learning Approach,Arxiv,2022,journal,https://arxiv.org/abs/2207.00219,"Weiner, Jake, Andreas T. Ernst, Xiaodong Li and Yuan Sun.",
Mixed Integer Programming,Learning to Accelerate Approximate Methods for Solving Integer Programming via Early Fixing,Arxiv,2022,journal,https://arxiv.org/abs/2207.02087,"Li, Longkang and Baoyuan Wu. ",https://github.com/SCLBD/Accelerated-Lpbox-ADMM
Mixed Integer Programming,Learning to Cut by Looking Ahead: Cutting Plane Selection via Imitation Learning,ICML,2022,paper,https://proceedings.mlr.press/v162/paulus22a.html,"Paulus, Max B., Giulia Zarpellon, Andreas Krause, Laurent Charlin and Chris J. Maddison.",
Mixed Integer Programming,Lookback for Learning to Branch,Arxiv,2022,journal,https://arxiv.org/abs/2206.14987,"Gupta, Prateek, Elias Boutros Khalil, Didier Chet'elat, Maxime Gasse, Yoshua Bengio, Andrea Lodi and M. Pawan Kumar.",
Mixed Integer Programming,Learning to Search in Local Branching,AAAI,2022,paper,https://ojs.aaai.org/index.php/AAAI/article/view/20294,"Liu, Defeng and Fischetti, Matteo and Lodi, Andrea",https://github.com/pandat8/ML4LB
Mixed Integer Programming,Deep Reinforcement Learning for Exact Combinatorial Optimization: Learning to Branch,Arxiv,2022,paper,https://arxiv.org/abs/2206.06965,"Zhang, Tianyu and Banitalebi-Dehkordi, Amin and Zhang, Yong",
Mixed Integer Programming,Learning to Branch with Tree-aware Branching Transformers,Knowledge-Based Systems,2022,journal,https://www.sciencedirect.com/science/article/pii/S0950705122007298?via%3Dihub,"Lin, Jiacheng and Zhu, Jialin and Wang, Huangang and Zhang, Tao",https://github.com/linjc16/TBranT
Mixed Integer Programming,An Improved Reinforcement Learning Algorithm for Learning to Branch,Arxiv,2022,paper,https://arxiv.org/abs/2201.06213,"Qu, Qingyu and Li, Xijun and Zhou, Yunfan and Zeng, Jia and Yuan, Mingxuan and Wang, Jie and Lv, Jinhu and Liu, Kexin and Mao, Kun",
Mixed Integer Programming,Learning to Use Local Cuts,Arxiv,2022,paper,https://arxiv.org/abs/2206.11618,"Berthold, Timo and Francobaldi, Matteo and Hendel, Gregor",
Mixed Integer Programming,DOGE-Train: Discrete Optimization on GPU with End-to-end Training,Arxiv,2022,paper,https://arxiv.org/abs/2205.11638,"Abbas, Ahmed and Swoboda, Paul",
Mixed Integer Programming,Structural Analysis of Branch-and-Cut and the Learnability of Gomory Mixed Integer Cuts,NeurIPS,2022,paper,https://openreview.net/forum?id=e2gRdexoTZf,"Balcan, Maria-Florina and Prasad, Siddharth and Sandholm, Tuomas and Vitercik, Ellen",
Mixed Integer Programming,A GNN-Guided Predict-and-Search Framework for Mixed-Integer Linear Programming,ICLR,2023,paper,https://openreview.net/forum?id=pHMpgT5xWaE,"Han, Qingyu and Yang, Linxin and Chen, Qian and Zhou, Xiang and Zhang, Dong and Wang, Akang and Sun, Ruoyu and Luo, Xiaodong",https://github.com/sribdcn/Predict-and-Search_MILP_method
Mixed Integer Programming,Learning Cut Selection for Mixed-Integer Linear Programming via Hierarchical Sequence Model,ICLR,2023,paper,https://openreview.net/forum?id=Zob4P9bRNcK,"Wang, Zhihai and Li, Xijun and Wang, Jie and Kuang, Yufei and Yuan, Mingxuan and Zeng, Jia and Zhang, Yongdong and Wu, Feng",https://github.com/MIRALab-USTC/L2O-HEM-Torch
Mixed Integer Programming,On Representing Mixed-Integer Linear Programs by Graph Neural Networks,ICLR,2023,paper,https://openreview.net/forum?id=4gc3MGZra1d,"Ziang Chen, Jialin Liu, Xinshang Wang, Wotao Yin",https://github.com/liujl11git/GNN-MILP
Mixed Integer Programming,Learning Cut Selection for Mixed-Integer Linear Programming via Hierarchical Sequence Model,ICLR,2023,paper,https://openreview.net/forum?id=Zob4P9bRNcK,"Zhihai Wang, Xijun Li, Jie Wang, Yufei Kuang, Mingxuan Yuan, Jia Zeng, Yongdong Zhang, Feng Wu",https://github.com/MIRALab-USTC/L2O-HEM-Torch
Mixed Integer Programming,GNN-GBDT-Guided Fast Optimizing Framework for Large-scale Integer Programming,ICML,2023,paper,https://proceedings.mlr.press/v202/ye23e.html,"Huigen Ye, Hua Xu, Hongyan Wang, Chengming Wang, Yu Jiang",https://github.com/thuiar/GNN-GBDT-Guided-Fast-Optimizing-Framework
Mixed Integer Programming,Searching Large Neighborhoods for Integer Linear Programs with Contrastive Learning,ICML,2023,paper,https://proceedings.mlr.press/v202/huang23g.html,"Taoan Huang, Aaron M Ferber, Yuandong Tian, Bistra Dilkina, Benoit Steiner",https://github.com/facebookresearch/CL-LNS
Mixed Integer Programming,GNN&GBDT-Guided Fast Optimizing Framework for Large-scale Integer Programming,ICML,2023,paper,https://icml.cc/virtual/2023/poster/24107,"Ye, Huigen, Hua-Hui Xu, Hongyan Wang, Cheng . Wang and YueYen Jiang. ",
Mixed Integer Programming,Learning to Configure Separators in Branch-and-Cut,NeurIPS,2023,paper,https://openreview.net/forum?id=gf5xJVQS5p,"Li, Sirui and Ouyang, Wenbin and Paulus, Max B and Wu, Cathy",
Mixed Integer Programming,Learning to Dive in Branch and Bound,NeurIPS,2023,paper,https://openreview.net/forum?id=iPTF2hON1C,"Paulus, Max B and Krause, Andreas",
Mixed Integer Programming,Two-Stage Predict+Optimize for Mixed Integer Linear Programs with Unknown Parameters in Constraints,NeurIPS,2023,paper,https://openreview.net/forum?id=0tnhFpyWjb,"Hu, Xinyi and Lee, Jasper CH and Lee, Jimmy HM",
Mixed Integer Programming,A Deep Instance Generative Framework for MILP Solvers Under Limited Data Availability,NeurIPS,2023,paper,https://openreview.net/forum?id=AiEipk1X0c,"Geng, Zijie and Li, Xijun and Wang, Jie and Li, Xiao and Zhang, Yongdong and Wu, Feng",https://miralab-ustc.github.io/L2O-G2MILP
Causal Discovery,DAGs with NO TEARS: Continuous Optimization for Structure Learning.,NeurIPS,2018,paper,https://arxiv.org/pdf/1803.01422.pdf,"Zheng, Xun and Aragam, Bryon and Ravikumar, Pradeep and Xing, Eric.",
Causal Discovery,Causal Discovery with Reinforcement Learning.,ICLR,2020,paper,https://arxiv.org/abs/1906.04477,"Zhu, Shengyu and Ng, Ignavier and Chen, Zhitang.",
Causal Discovery,Large-Scale Differentiable Causal Discovery of Factor Graphs,NeurIPS,2022,paper,https://openreview.net/forum?id=k713e8vXzwR,"Lopez, Romain and H{\""u}tter, Jan-Christian and Pritchard, Jonathan K and Regev, Aviv",https://github.com/Genentech/dcdfg
Causal Discovery,Boosting Causal Discovery via Adaptive Sample Reweighting,ICLR,2023,paper,https://openreview.net/forum?id=LNpMtk15AS4,"Zhang, An and Liu, Fangfu and Ma, Wenchang and Cai, Zhibo and Wang, Xiang and Chua, Tat-seng",https://github.com/anzhang314/ReScore
Causal Discovery,CUTS: Neural Causal Discovery from Irregular Time-Series Data,ICLR,2023,paper,https://openreview.net/forum?id=UG8bQcD3Emv,"Cheng, Yuxiao and Yang, Runzhao and Xiao, Tingxiong and Li, Zongren and Suo, Jinli and He, Kunlun and Dai, Qionghai",https://github.com/jarrycyx/unn
Causal Discovery,Diffusion Models for Causal Discovery via Topological Ordering,ICLR,2023,paper,https://openreview.net/forum?id=Idusfje4-Wq,"Sanchez, Pedro and Liu, Xiao and O'Neil, Alison Q and Tsaftaris, Sotirios A",https://github.com/vios-s/DiffAN
Causal Discovery,Nonlinear Causal Discovery with Latent Confounders,ICML,2023,paper,https://icml.cc/virtual/2023/poster/23789,David Kaltenpoth and Jilles Vreeken,https://github.com/chunlinli/defuse
Causal Discovery,BayesDAG: Gradient-Based Posterior Inference for Causal Discovery,NeurIPS,2023,paper,https://openreview.net/forum?id=woptnU6fh1,"Annadani, Yashas and Pawlowski, Nick and Jennings, Joel and Bauer, Stefan and Zhang, Cheng and Gong, Wenbo",
Causal Discovery,Sample Complexity Bounds for Score-Matching: Causal Discovery and Generative Modeling,NeurIPS,2023,paper,https://openreview.net/forum?id=uNnPWR66b8,"Zhu, Zhenyu and Locatello, Francesco and Cevher, Volkan",
Game Theoretic Semantics,First-Order Problem Solving through Neural MCTS based Reinforcement Learning.,Arxiv,2021,paper,https://arxiv.org/abs/2101.04167,"Xu, Ruiyang and Kadam, Prashank and Lieberherr, Karl.",
Boolean Satisfiability,Graph neural networks and boolean satisfiability.,Arxiv,2017,paper,https://arxiv.org/pdf/1702.03592,"Bünz, Benedikt, and Matthew Lamm.",
Boolean Satisfiability,Learning a SAT solver from single-bit supervision.,Arxiv,2018,paper,https://arxiv.org/pdf/1903.04671,"Selsam, Daniel, Matthew Lamm, Benedikt Bünz, Percy Liang, Leonardo de Moura, and David L. Dill.",https://github.com/dselsam/neurosat
Boolean Satisfiability,Machine learning-based restart policy for CDCL SAT solvers.,SAT,2018,paper,http://www.t-news.cn/Floc2018/FLoC2018-pages/proceedings_paper_477.pdf,"Liang, Jia Hui, Chanseok Oh, Minu Mathew, Ciza Thomas, Chunxiao Li, and Vijay Ganesh.",
Boolean Satisfiability,Learning to solve circuit-SAT: An unsupervised differentiable approach.,ICLR,2019,paper,https://openreview.net/pdf?id=BJxgz2R9t7,"Amizadeh, Saeed, Sergiy Matusevych, and Markus Weimer. ",https://github.com/johannaSommer/generalization-neural-co-solvers
Boolean Satisfiability,Learning Local Search Heuristics for Boolean Satisfiability.,NeurIPS,2019,paper,https://www.cs.cmu.edu/~eyolcu/papers/learning-local-search-heuristics-sat.pdf,"Yolcu, Emre and Poczos, Barnabas",https://github.com/emreyolcu/sat
Boolean Satisfiability,Improving SAT solver heuristics with graph networks and reinforcement learning.,Arxiv,2019,paper,https://arxiv.org/pdf/1909.11830,"Kurin, Vitaly, Saad Godil, Shimon Whiteson, and Bryan Catanzaro.",
Boolean Satisfiability,Graph neural reasoning may fail in certifying boolean unsatisfiability.,Arxiv,2019,paper,https://arxiv.org/pdf/1909.11588,"Chen, Ziliang, and Zhanfu Yang.",
Boolean Satisfiability,Guiding high-performance SAT solvers with unsat-core predictions.,SAT,2019,paper,https://arxiv.org/pdf/1903.04671,"Selsam, Daniel, and Nikolaj Bjørner.",
Boolean Satisfiability,G2SAT: Learning to Generate SAT Formulas.,NeurIPS,2019,paper,https://www.ncbi.nlm.nih.gov/pmc/articles/PMC7138247/,"You, Jiaxuan, Haoze Wu, Clark Barrett, Raghuram Ramanujan, and Jure Leskovec.",https://github.com/JiaxuanYou/G2SAT
Boolean Satisfiability,Learning Heuristics for Quantified Boolean Formulas through Reinforcement Learning.,Arxiv,2019,paper,https://arxiv.org/pdf/1807.08058,"Lederman, Gil, Markus N. Rabe, Edward A. Lee, and Sanjit A. Seshia.",https://github.com/lederg/learningqbf
Boolean Satisfiability,Enhancing SAT solvers with glue variable predictions.,Arxiv,2020,paper,https://arxiv.org/pdf/2007.02559,"Han, Jesse Michael.",
Boolean Satisfiability,Can Q-Learning with Graph Networks Learn a Generalizable Branching Heuristic for a SAT Solver?,NeurIPS,2020,paper,http://www.cs.ox.ac.uk/people/shimon.whiteson/pubs/kurinnips20.pdf,"Whiteson, Shimon.",
Boolean Satisfiability,Online Bayesian Moment Matching based SAT Solver Heuristics.,ICML,2020,paper,http://proceedings.mlr.press/v119/duan20c/duan20c.pdf,"Duan, Haonan, Saeed Nejati, George Trimponias, Pascal Poupart, and Vijay Ganesh.",https://github.com/saeednj/BMMSAT
Boolean Satisfiability,Learning Clause Deletion Heuristics with Reinforcement Learning.,AITP,2020,paper,http://aitp-conference.org/2020/abstract/paper_25.pdf,"Vaezipoor, Pashootan, Gil Lederman, Yuhuai Wu, Roger Grosse, and Fahiem Bacchus.",
Boolean Satisfiability,Classification of SAT problem instances by machine learning methods.,CEUR,2020,paper,http://ceur-ws.org/Vol-2650/paper11.pdf,"Danisovszky, Márk, Zijian Győző Yang, and Gábor Kusper. ",
Boolean Satisfiability,Predicting Propositional Satisfiability via End-to-End Learning.,AAAI,2020,paper,https://ojs.aaai.org/index.php/AAAI/article/download/5733/5589,"Cameron, Chris, Rex Chen, Jason Hartford, and Kevin Leyton-Brown.",
Boolean Satisfiability,Neural heuristics for SAT solving.,Arxiv,2020,paper,https://arxiv.org/pdf/2005.13406,"Jaszczur, Sebastian, Michał Łuszczyk, and Henryk Michalewski.",
Boolean Satisfiability,NLocalSAT: Boosting Local Search with Solution Prediction.,Arxiv,2020,paper,https://arxiv.org/pdf/2001.09398,"Zhang, Wenjie, Zeyu Sun, Qihao Zhu, Ge Li, Shaowei Cai, Yingfei Xiong, and Lu Zhang. ",https://github.com/myxxxsquared/NLocalSAT
Boolean Satisfiability,Goal-Aware Neural SAT Solver.,IJCNN,2022,paper,https://ieeexplore.ieee.org/document/9892733,"Ozolins, Emils, Karlis Freivalds, Andis Draguns, Eliza Gaile, Ronalds Zakovskis, and Sergejs Kozlovics.",
Boolean Satisfiability,NeuroComb: Improving SAT Solving with Graph Neural Networks.,Arxiv,2022,paper,https://arxiv.org/abs/2110.14053,"Wang, Wenxi, Yang Hu, Mohit Tiwari, Sarfraz Khurshid, Kenneth McMillan, and Risto Miikkulainen. ",
Boolean Satisfiability,On the Performance of Deep Generative Models of Realistic SAT Instances.,SAT,2022,paper,https://drops.dagstuhl.de/opus/volltexte/2022/16677/pdf/LIPIcs-SAT-2022-3.pdf,"Garzón, Iván, Pablo Mesejo, and Jesús Giráldez-Cru.",
Boolean Satisfiability,DeepSAT: An EDA-Driven Learning Framework for SAT.,Arxiv,2022,paper,http://arxiv.org/abs/2205.13745,"Li, Min, Zhengyuan Shi, Qiuxia Lai, Sadaf Khan, and Qiang Xu.",
Boolean Satisfiability,SATformer: Transformers for SAT Solving.,Arxiv,2022,paper,https://arxiv.org/abs/2209.00953,"Shi, Zhengyuan, Min Li, Sadaf Khan, Hui-Ling Zhen, Mingxuan Yuan, and Qiang Xu.",
Boolean Satisfiability,Augment with Care: Contrastive Learning for Combinatorial Problems.,ICML,2022,paper,https://proceedings.mlr.press/v162/duan22b.html,"Duan, Haonan, Pashootan Vaezipoor, Max B. Paulus, Yangjun Ruan and Chris J. Maddison",https://github.com/h4duan/contrastive-sat
Boolean Satisfiability,NSNet: A General Neural Probabilistic Framework for Satisfiability Problems,NeurIPS,2022,paper,https://arxiv.org/abs/2211.03880,"Zhaoyu Li, Xujie Si",
Boolean Satisfiability,Neural Set Function Extensions: Learning with Discrete Functions in High Dimensions,NeurIPS,2022,paper,https://arxiv.org/abs/2208.04055,"Nikolaos Karalias, Joshua Robinson, Andreas Loukas, Stefanie Jegelka",
Boolean Satisfiability,⭐HardSATGEN: Understanding the Difficulty of Hard SAT Formula Generation and A Strong Structure-Hardness-Aware Baseline,KDD,2023,paper,https://dl.acm.org/doi/10.1145/3580305.3599837,"Yang Li, Xinyan Chen, Wenxuan Guo, Xijun Li, Wanqian Luo, Junhua Huang, Hui-Ling Zhen, Mingxuan Yuan, Junchi Yan",https://github.com/Thinklab-SJTU/HardSATGEN
Differentiable Optimization,Differentiable Learning of Submodular Models,NeurIPS,2017,paper,https://papers.NeurIPS.cc/paper/2017/hash/192fc044e74dffea144f9ac5dc9f3395-Abstract.html,"Josip Djolonga, Andreas Krause",https://github.com/josipd/torch-submod
Differentiable Optimization,Melding the Data-Decisions Pipeline: Decision-Focused Learning for Combinatorial Optimization,AAAI,2019,paper,https://ojs.aaai.org//index.php/AAAI/article/view/3982,"Bryan Wilder, Bistra Dilkina, Milind Tambe",
Differentiable Optimization,MIPaaL: Mixed Integer Program as a Layer,AAAI,2020,paper,https://ojs.aaai.org//index.php/AAAI/article/view/5509,"Aaron Ferber, Bryan Wilder, Bistra Dilkina, Milind Tambe",https://github.com/amf272/MIPaaL/
Differentiable Optimization,Smart Predict-and-Optimize for Hard Combinatorial Optimization Problems,AAAI,2020,paper,https://arxiv.org/abs/1911.10092,"Jaynta Mandi, Emir Demirovi, Peter. J Stuckey, Tias Guns",https://github.com/JayMan91/aaai_predit_then_optimize
Differentiable Optimization,Differentiation of blackbox combinatorial solvers,ICLR,2020,paper,https://openreview.net/forum?id=BkevoJSYPB,"Marin Vlastelica Pogani, Anselm Paulus, Vit Musil, Georg Martius, Michal Rolinek",https://github.com/martius-lab/blackbox-backprop
Differentiable Optimization,Interior Point Solving for LP-based prediction+optimization,NeurIPS,2020,paper,https://proceedings.neurips.cc//paper/2020/hash/51311013e51adebc3c34d2cc591fefee-Abstract.html,"Jayanta Mandi, Tias Guns",https://github.com/JayMan91/NeurIPSIntopt
Differentiable Optimization,An Exact Symbolic Reduction of Linear Smart Predict+Optimize to Mixed Integer Linear Programming,ICML,2022,paper,https://proceedings.mlr.press/v162/jeong22a.html,"Jeong, Jihwan, Parth Jaggi, Andrew Butler and Scott Sanner. “An Exact Symbolic Reduction of Linear Smart Predict+Optimize to Mixed Integer Linear Programming.” ICML (2022).",https://github.com/jihwan-jeong/xaddpy
Differentiable Optimization,Constrained Discrete Black-Box Optimization using Mixed-Integer Programming,ICML,2022,paper,https://proceedings.mlr.press/v162/papalexopoulos22a.html,"Papalexopoulos, Theodore, Christian Tjandraatmadja, Ross Anderson, Juan Pablo Vielma and Daving Belanger.",
Differentiable Optimization,SurCo: Learning Linear Surrogates For Combinatorial Nonlinear Optimization Problems,ICML,2023,paper,https://arxiv.org/abs/2210.12547,"Ferber, Aaron M and Huang, Taoan and Zha, Daochen and Schubert, Martin and Steiner, Benoit and Dilkina, Bistra and Tian, Yuandong",https://github.com/facebookresearch/SurCo
Car Dispatch,Dispatch of autonomous vehicles for taxi services: A deep reinforcement learning approach ,Transportation Research,2020,journal,https://www.sciencedirect.com/science/article/pii/S0968090X19312227,"Chao Mao, Yulin Liu, Zuo-Jun (Max) Shen",
Job Shop Scheduling Problem,Learning to Dispatch for Job Shop Scheduling via Deep Reinforcement Learning.,NeurIPS,2020,paper,https://arxiv.org/abs/2010.12367,"Zhang, Cong and Song, Wen and Cao, Zhiguang and Zhang, Jie and Tan, Puay Siew and Xu, Chi.",https://github.com/zcajiayin/L2D
Job Shop Scheduling Problem,Smart Manufacturing Scheduling With Edge Computing Using Multiclass Deep Q Network,Transactions on Industrial Informatics,2019,journal,https://ieeexplore.ieee.org/document/8676376,"Chun-Cheng Lin, Der-Jiunn Deng, Yen-Ling Chih, Hsin-Ting Chiu",
Survey Papers,Deep Reinforcement Learning as a Job Shop Scheduling Solver: A Literature Review,Hybrid Intelligent Systems,2018,journal,http://link.springer.com/10.1007/978-3-030-14347-3_34,"Bruno Cunha, Ana M. Madureira, Benjamim Fonseca, Duarte Coelho",
Job Shop Scheduling Problem,Multi-Agent Reinforcement Learning for Job Shop Scheduling in Flexible Manufacturing Systems,International Conference on Artificial Intelligence for Industries (AI4I),2019,paper,https://ieeexplore.ieee.org/document/9027776,"Schirin Baer, Jupiter Bakakeu, Richard Meyes, Tobias Meisen",
Job Shop Scheduling Problem,Dynamic job-shop scheduling in smart manufacturing using deep reinforcement learning,Computer Networks,2021,journal,https://www.sciencedirect.com/science/article/pii/S1389128621001031,"Libing Wang, Xin Hu, Yin Wang, Sujie Xu, Shijun Ma, Kexin Yang, Zhijun Liu, Weidong Wang",
Job Shop Scheduling Problem,Learning to schedule job-shop problems: Representation and policy learning using graph neural network and reinforcement learning.,International Journal of Production Research,2021,journal,https://arxiv.org/abs/2106.01086,"Junyoung Park, Jaehyeong Chun, Sang Hun Kim, Youngkook Kim, Jinkyoo Park",
Job Shop Scheduling Problem,Explainable reinforcement learning in production control of job shop manufacturing system.,International Journal of Production Research,2021,journal,https://www.tandfonline.com/doi/abs/10.1080/00207543.2021.1972179?journalCode=tprs20,"Andreas Kuhnle,Marvin Carl May,Louis Sch?fer & Gisela Lanza",
Job Shop Scheduling Problem,Neural DAG Scheduling via One-Shot Priority Sampling,ICLR,2023,paper,https://openreview.net/forum?id=WL8FlAugqQ,"Jeon, Wonseok and Gagrani, Mukul and Bartan, Burak and Zeng, Weiliang Will and Teague, Harris and Zappi, Piero and Lott, Christopher",
Job Shop Scheduling Problem,Robust Scheduling with GFlowNets,ICLR,2023,paper,https://openreview.net/forum?id=ZBUthI6wK9h,"Zhang, David W and Rainone, Corrado and Peschl, Markus and Bondesan, Roberto",
Job Shop Scheduling Problem,Continual Task Allocation in Meta-Policy Network via Sparse Prompting,ICML,2023,paper,https://icml.cc/virtual/2023/poster/24080,"Yang, Yijun, Tianyi Zhou, Jing Jiang, Guodong Long and Yuhui Shi.",
Electronic Design Automation,⭐On Joint Learning for Solving Placement and Routing in Chip Design,NeurIPS,2021,paper,https://arxiv.org/abs/2111.00234,"Cheng, Ruoyu and Yan, Junchi",https://github.com/Thinklab-SJTU/EDA-AI
Electronic Design Automation,A graph placement methodology for fast chip design,Nature,2021,journal,https://www.nature.com/articles/s41586-021-03544-w.pdf,"Azalia Mirhoseini, Anna Goldie, Mustafa Yazgan, Joe Wenjie Jiang, Ebrahim Songhori, Shen Wang, Young-Joon Lee, Eric Johnson, Omkar Pathak, Azade Nazi, Jiwoo Pak, Andy Tong, Kavya Srinivasa, William Hang, Emre Tuncer, Quoc V. Le, James Laudon, Richard Ho, Roger Carpenter & Jeff Dean",
Electronic Design Automation,Unsupervised Learning for Combinatorial Optimization with Principled Objective Relaxation,NeurIPS,2022,paper,https://openreview.net/forum?id=HjNn9oD_v47,"Wang, Haoyu Peter and Wu, Nan and Yang, Hang and Hao, Cong and Li, Pan",https://github.com/Graph-COM/CO_ProxyDesign
Electronic Design Automation,⭐The Policy-gradient Placement and Generative Routing Neural Networks for Chip Design,NeurIPS,2022,paper,https://proceedings.neurips.cc/paper_files/paper/2022/hash/a8b8c1ad51df1b93d9e3d1fca75debbf-Abstract-Conference.html,"Ruoyu Cheng, Xianglong Lyu, Yang Li, Junjie Ye, Jianye Hao, Junchi Yan",https://github.com/Thinklab-SJTU/EDA-AI
Electronic Design Automation,CktGNN: Circuit Graph Neural Network for Electronic Design Automation,ICLR,2023,paper,https://openreview.net/forum?id=NE2911Kq1sp,"Dong, Zehao and Cao, Weidong and Zhang, Muhan and Tao, Dacheng and Chen, Yixin and Zhang, Xuan",
Electronic Design Automation,HubRouter: Learning Global Routing via Hub Generation and Pin-hub Connection,NeurIPS,2023,paper,https://openreview.net/forum?id=f0Jj3C3Pnp,"Du, Xingbo and Wang, Chonghua and Zhong, Ruizhe and Yan, Junchi",
Generalization;Conjunctive Query Containment,It's Not What Machines Can Learn It's What We Cannot Teach,ICML,2020,paper,http://proceedings.mlr.press/v119/yehuda20a/yehuda20a.pdf,"Gal Yehuda, Moshe Gabel and Assaf Schuster",
Generalization;Travelling Salesman Problem,Learning TSP Requires Rethinking Generalization,CP,2021,paper,https://arxiv.org/pdf/2006.07054.pdf,"Chaitanya K. Joshi, Quentin Cappart, Louis-Martin Rousseau and Thomas Laurent",https://github.com/chaitjo/learning-tsp
Generalization;Travelling Salesman Problem;Boolean Satisfiability,Generalization of Neural Combinatorial Solvers Through the Lens of Adversarial Robustness,ICLR,2022,paper,https://openreview.net/forum?id=vJZ7dPIjip3,"Simon Geisler, Johanna Sommer, Jan Schuchardt, Aleksandar Bojchevski and Stephan Günnemann",
Generalization,Learning for Robust Combinatorial Optimization: Algorithm and Application,INFOCOM,2022,journal,https://ieeexplore.ieee.org/abstract/document/9796715/,"Shao, Zhihui and Yang, Jianyi and Shen, Cong and Ren, Shaolei",
Orienteering Problem,A reinforcement learning approach to the orienteering problem with time windows,Computers & Operations Research,2021,paper,https://arxiv.org/abs/2011.03647v2,"Ricardo Gama, Hugo L. Fernandes", https://github.com/mustelideos/optw_rl
Virtual Network Embedding,Dynamic Virtual Network Embedding Algorithm Based on Graph Convolution Neural Network and Reinforcement Learning,IoT-J,2021,journal,https://ieeexplore.ieee.org/document/9475485,Peiying Zhang; Chao Wang; Neeraj Kumar; Weishan Zhang; Lei Liu,
Virtual Network Embedding,A Continuous-Decision Virtual Network Embedding Scheme Relying on Reinforcement Learning,IEEE TNSM,2020,journal,https://ieeexplore.ieee.org/document/8982091,Haipeng Yao; Sihan Ma; Jingjing Wang; Peiying Zhang; Chunxiao Jiang; Song Guo,
Virtual Network Embedding,Automatic Virtual Network Embedding A Deep Reinforcement Learning Approach With Graph Convolutional Networks,J-SAC,2020,journal,https://ieeexplore.ieee.org/document/9060910,Zhongxia Yan; Jingguo Ge; Yulei Wu; Liangxiong Li; Tong Li,
Virtual Network Embedding,Deep Reinforcement Based Optimization of Function Splitting in Virtualized Radio Access Networks,ICC,2021,paper,https://ieeexplore.ieee.org/document/9473703,Fahri Wisnu Murti; Samad Ali; Matti Latva-aho,https://github.com/rubensolozabal/vnf_placement_optimization_rl
Virtual Network Embedding,A Q-learning-based approach for virtual network embedding in data center,NCA,2020,journal,https://link.springer.com/article/10.1007/s00521-019-04376-6,"Ying Yuan, Zejie Tian, Cong Wang, Fanghui Zheng & Yanxia Lv ",
Virtual Network Embedding,A novel reinforcement learning algorithm for virtual network embedding,Neurocomputing,2018,journal,https://www.sciencedirect.com/science/article/abs/pii/S0925231218300420,"Haipeng Yao,Xu Chen, Maozhen Li, Peiying Zhang, Luyao Wang",
Virtual Network Embedding,A Virtual Network Embedding Algorithm Based On Double-Layer Reinforcement Learning,TCJ,2019,journal,https://ieeexplore.ieee.org/document/9514735,Meng Li; MeiLian Lu,
Virtual Network Embedding,Virtual Network Embedding via Monte Carlo Tree Search,IEEE Trans. Cybern,2017,journal,https://ieeexplore.ieee.org/document/7859375,Soroush Haeri; Ljiljana Trajković,
Virtual Network Embedding,Accelerating Virtual Network Embedding with Graph Neural Networks,CNSM,2020,journal,https://ieeexplore.ieee.org/document/9269128,Farzad Habibi; Mahdi Dolati; Ahmad Khonsari; Majid Ghaderi,
Virtual Network Embedding,NeuroViNE: A Neural Preprocessor for Your Virtual Network Embedding Algorithm,INFOCOM,2018,paper,https://ieeexplore.ieee.org/document/8486263,Andreas Blenk; Patrick Kalmbach; Johannes Zerwas; Michael Jarschel; Stefan Schmid; Wolfgang Kellerer,
Virtual Network Embedding,DRL-SFCP: Adaptive Service Function Chains Placement with Deep Reinforcement Learning,ICC,2021,paper,https://ieeexplore.ieee.org/document/9500964,Tianfu Wang; Qilin Fan; Xiuhua Li; Xu Zhang; Qingyu Xiong; Shu Fu; Min Gao,
Virtual Network Embedding,NFVdeep: Adaptive Online Service Function Chain Deployment with Deep Reinforcement Learning,IWQoS,2019,paper,https://ieeexplore.ieee.org/document/9068634,Yikai Xiao; Qixia Zhang; Fangming Liu; Jia Wang; Miao Zhao; Zhongxing Zhang; Jiaxing Zhang,
Virtual Network Embedding,⭐GAL-VNE: Solving the VNE Problem with Global Reinforcement Learning and Local One-Shot Neural Prediction,KDD,2023,paper,https://dl.acm.org/doi/10.1145/3580305.3599358,"Haoyu Geng, Runzhong Wang, Fei Wu, Junchi Yan",https://github.com/Thinklab-SJTU/GAL-VNE
Differentiable Optimization,OptNet: differentiable optimization as a layer in neural networks,ICML,2017,paper,https://dl.acm.org/doi/abs/10.5555/3305381.3305396,Brandon Amos and J. Zico Kolter,https://github.com/locuslab/optnet
Differentiable Optimization,Differentiable Convex Optimization Layers,NeurIPS,2019,paper,https://dl.acm.org/doi/abs/10.5555/3454287.3455145,"Agrawal, Akshay and Boyd, Stephen",https://github.com/cvxgrp/cvxpylayers
Differentiable Optimization,Automatically Learning Compact Quality-aware Surrogates for Optimization Problems,NeurIPS,2020,paper,https://openreview.net/forum?id=v8hzdOdOle,"Kai Wang, Bryan Wilder, Andrew Perrault, Milind Tambe",
Differentiable Optimization,Predict+optimise with ranking objectives: exhaustively learning linear functions,IJCAI,2019,paper,https://dl.acm.org/doi/abs/10.5555/3367032.3367186,"Demirovic, Emir and Stuckey, Peter J. and Bailey, James and Chan, Jeffrey and Leckie, Christopher and Ramamohanarao, Kotagiri and Guns, Tias",
Differentiable Optimization,Contrastive Losses and Solution Caching for Predict-and-Optimize,IJCAI,2021,paper,https://www.ijcai.org/proceedings/2021/0390.pdf,"Maxime Mulamba, Jayanta Mandi, Michelangelo Diligenti , Michele Lombardi, Victor Bucarey, Tias Guns",https://github.com/jayman91/ltr-predopt
Differentiable Optimization,A Surrogate Objective Framework for Prediction+Programming with Soft Constraints,NeurIPS,2021,paper,https://openreview.net/forum?id=9Sa2xh4mGR,"Kai Yan, Jie Yan, Chuan Luo, Liting Chen, Qingwei Lin, Dongmei Zhang",https://github.com/PredOptwithSoftConstraint/PredOptwithSoftConstraint
Differentiable Optimization,End-to-End Stochastic Optimization with Energy-Based Model,NeurIPS,2022,paper,https://openreview.net/forum?id=_sYOodxTMcF,"Lingkai Kong, Jiaming Cui, Yuchen Zhuang, Rui Feng, B. Aditya Prakash, Chao Zhang",https://github.com/Lingkai-Kong/so-ebm
Differentiable Optimization,Implicit MLE: Backpropagating Through Discrete Exponential Family Distributions,NeurIPS,2021,paper,https://openreview.net/forum?id=lR4aaWCQgB,"Mathias Niepert, Pasquale Minervini, Luca Franceschi",https://github.com/uclnlp/torch-imle
Differentiable Optimization,COPS: Combinatorial Optimization for Panoptic Segmentation: A Fully Differentiable Approach,NeurIPS,2021,paper,https://proceedings.neurips.cc/paper/2021/hash/83a368f54768f506b833130584455df4-Abstract.html,"Ahmed Abbas, Paul Swoboda",https://github.com/aabbas90/COPS
Differentiable Optimization,Deep Declarative Networks,TPAMI,2022,paper,https://ieeexplore.ieee.org/document/9355027,"Stephen Gould, Richard Hartley and Dylan Campbell",https://github.com/anucvml/ddn
Optimal Power Flow,Predicting AC Optimal Power Flows: Combining Deep Learning and Lagrangian Dual Methods,AAAI,2020,paper,https://ojs.aaai.org/index.php/AAAI/article/view/5403,"Ferdinando Fioretto, Terrence W.K. Mak, Pascal Van Hentenryck",
Optimal Power Flow,Adversarially Robust Learning for Security-Constrained Optimal Power Flow,NeurIPS,2021,paper,https://proceedings.neurips.cc/paper/2021/hash/f0f07e680de407b0f12abf15bd520097-Abstract.html,"Priya Donti, Aayushya Agarwal, Neeraj Vijay Bedmutha, Larry Pileggi, J. Zico Kolter",
Facility Location Problem,Solving uncapacitated P-Median problem with reinforcement learning assisted by graph attention networks,Applied Intelligence,2023,paper,https://link.springer.com/article/10.1007/s10489-022-03453-z,"Wang, Chenguang and Han, Congying and Guo, Tiande and Ding, Man",
Facility Location Problem,⭐Towards One-shot Neural Combinatorial Solvers: Theoretical and Empirical Notes on the Cardinality-Constrained Case,ICLR,2023,paper,https://openreview.net/forum?id=h21yJhdzbwz,"Wang, Runzhong and Shen, Li and Chen, Yiting and Yan, Junchi and Yang, Xiaokang and Tao, Dacheng",https://github.com/Thinklab-SJTU/One-Shot-Cardinality-NN-Solver
Portfolio Optimization,Integrating prediction in mean-variance portfolio optimization,Quantitative Finance,2023,paper,https://arxiv.org/pdf/2102.09287.pdf,"Butler, Andrew and Kwon, Roy H",
Portfolio Optimization,⭐Towards One-shot Neural Combinatorial Solvers: Theoretical and Empirical Notes on the Cardinality-Constrained Case,ICLR,2023,paper,https://openreview.net/forum?id=h21yJhdzbwz,"Wang, Runzhong and Shen, Li and Chen, Yiting and Yan, Junchi and Yang, Xiaokang and Tao, Dacheng",https://github.com/Thinklab-SJTU/One-Shot-Cardinality-NN-Solver
Graph Matching; Travelling Salesman Problem; Portfolio Optimization,⭐LinSATNet: The Positive Linear Satisfiability Neural Networks,ICML,2023,paper,https://icml.cc/virtual/2023/poster/25110,Runzhong Wang and Yunhao Zhang and Ziao Guo and Tianyi Chen and Xiaokang Yang and Junchi Yan,https://github.com/Thinklab-SJTU/LinSATNet
Sorting & Ranking,Optimizing Rank-Based Metrics With Blackbox Differentiation,CVPR,2020,paper,https://openaccess.thecvf.com/content_CVPR_2020/papers/Rolinek_Optimizing_Rank-Based_Metrics_With_Blackbox_Differentiation_CVPR_2020_paper.pdf,"Marin Vlastelica,Anselm Paulus,Vít Musil,Georg Martius and Michal Rolínek",https://github.com/martius-lab/blackbox-backprop
Sorting & Ranking,Ranking via sinkhorn propagation,Arxiv,2011,paper,https://arxiv.org/abs/1106.1925#,"Ryan Prescott Adams, Richard S. Zemel",
Sorting & Ranking,Predict+optimise with ranking objectives: exhaustively learning linear functions,IJCAI,2019,paper,https://dl.acm.org/doi/abs/10.5555/3367032.3367186,"Demirovic, Emir and Stuckey, Peter J. and Bailey, James and Chan, Jeffrey and Leckie, Christopher and Ramamohanarao, Kotagiri and Guns, Tias",
Sorting & Ranking,Stochastic Optimization of Sorting Networks via Continuous Relaxations,ICLR,2019,paper,https://openreview.net/forum?id=H1eSS3CcKX,"Aditya Grover, Eric Wang, Aaron Zweig, Stefano Ermon",https://github.com/ermongroup/neuralsort
Sorting & Ranking,Automatic Loss Function Search for Predict-Then-Optimize Problems with Strong Ranking Property,ICLR,2022,paper,https://openreview.net/forum?id=hSktDu-h94,"Boshi Wang, Jialin Yi, Hang Dong, Bo Qiao, Chuan Luo, Qingwei Lin", https://github.com/Microsoft/AutoPredOptConnector
Sorting & Ranking,Fast Differentiable Sorting and Ranking,ICML,2020,paper,http://proceedings.mlr.press/v119/blondel20a/blondel20a.pdf,Mathieu Blondel Olivier Teboul Quentin Berthet Josip Djolonga,https://github.com/google-research/fast-soft-sort/
Sorting & Ranking,SoftSort: A Continuous Relaxation for the argsort Operator,ICML,2020,paper,http://proceedings.mlr.press/v119/prillo20a/prillo20a.pdf,"Sebastian Prillo, Julian Martin Eisenschlos",https://github.com/sprillo/softsort
Sorting & Ranking,Decision-Focused Learning: Through the Lens of Learning to Rank,ICML,2022,paper,https://proceedings.mlr.press/v162/mandi22a.html,"Jayanta Mandi, Vı́ctor Bucarey, Maxime Mulamba Ke Tchomba, Tias Guns",https://github.com/jayman91/ltr-predopt
Sorting & Ranking,Differentiable Ranking and Sorting using Optimal Transport,NeurIPS,2019,paper,https://papers.nips.cc/paper/2019/hash/d8c24ca8f23c562a5600876ca2a550ce-Abstract.html,"Marco Cuturi, Olivier Teboul, Jean-Philippe Vert",
Sorting & Ranking,differentiable top k with optimal transport,NeurIPS,2020,paper,https://proceedings.neurips.cc/paper/2020/hash/ec24a54d62ce57ba93a531b460fa8d18-Abstract.html,"Yujia Xie, Hanjun Dai, Minshuo Chen, Bo Dai, Tuo Zhao, Hongyuan Zha, Wei Wei, Tomas Pfister",
Sorting & Ranking,PiRank-Scalable Learning To Rank via Differentiable Sorting,NeurIPS,2022,paper,https://openreview.net/forum?id=dL8p6rLFTS3,"Robin Marcel Edwin Swezey, Aditya Grover, Bruno Charron, Stefano Ermon",https://github.com/ermongroup/pirank
Knapsack,A Novel Method to Solve Neural Knapsack Problems,ICML,2021,paper,http://proceedings.mlr.press/v139/li21m.html, "Li Duanshun and Liu Jing and Lee Dongeun and Seyedmazloom Ali and Kaushik Giridhar and Lee Kookjin and Park Noseong",
Knapsack,Provably Good Solutions to the Knapsack Problem via Neural Networks of Bounded Size,AAAI,2021,paper,https://pubsonline.informs.org/doi/abs/10.1287/ijoc.2021.0225,Hertrich Christoph and Martin Skutella,
Knapsack,An Investigation into Prediction + Optimisation for the Knapsack Problem,CPAIOR,2019,paper,https://link.springer.com/chapter/10.1007/978-3-030-19212-9_16, "Demirovic Emir and Stuckey Peter J and Bailey James and Chan Jeffrey and Leckie Chris and Ramamohanarao Kotagiri and Guns Tias",
Knapsack,A Pointer Network Based Deep Learning Algorithm  for 0-1 Knapsack Problem,ICACI,2018,paper,https://ieeexplore.ieee.org/abstract/document/8377505,"Gu Shenshen, and Tao Hao",
Combinatorial Drug Recommendation,GAMENet: Graph Augmented MEmory Networks for Recommending Medication Combination,AAAI,2019,paper,https://ojs.aaai.org/index.php/AAAI/article/view/3905,"Shang, Junyuan and Xiao, Cao and Ma, Tengfei and Li, Hongyan and Sun, Jimeng",https://github.com/sjy1203/GAMENet
Combinatorial Drug Recommendation,SafeDrug: Dual Molecular Graph Encoders for Recommending Effective and Safe Drug Combinations,IJCAI,2021,paper,https://www.ijcai.org/proceedings/2021/0514.pdf,"Yang, Chaoqi and Xiao, Cao and Ma, Fenglong and Glass, Lucas and Sun, Jimeng",https://github.com/ycq091044/SafeDrug
Combinatorial Drug Recommendation,"Debiased, Longitudinal and Coordinated Drug Recommendation through Multi-Visit Clinic Recordss",NeurIPS,2022,paper,https://openreview.net/forum?id=zVglD2W0EAS,"Sun, Hongda and Xie, Shufang and Li, Shuqi and Chen, Yuhan and Wen, Ji-Rong and Yan, Rui",https://github.com/ssshddd/DrugRec
Combinatorial Drug Recommendation,⭐MoleRec: Combinatorial Drug Recommendation with Substructure-Aware Molecular Representation Learning,WWW,2023,paper,https://dl.acm.org/doi/10.1145/3543507.3583872,"Yang, Nianzu and Zeng, Kaipeng and Wu, Qitian and Yan, Junchi",https://github.com/yangnianzu0515/MoleRec
Combinatorial Drug Recommendation,Enhancing Activity Prediction Models in Drug Discovery with the Ability to Understand Human Language,ICML,2023,paper,https://icml.cc/virtual/2023/poster/24953,Philipp Seidl and Andreu Vall and Sepp Hochreiter and Gunter Klambauer,
Combinatorial Drug Recommendation,Learning Subpocket Prototypes for Generalizable Structure-based Drug Design,ICML,2023,paper,https://icml.cc/virtual/2023/poster/25062,Zaixin Zhang and Qi Liu,
Combinatorial Drug Recommendation,DECOMPDIFF: Diffusion Models with Decomposed Priors for Structure-Based Drug Design,ICML,2023,paper,https://icml.cc/virtual/2023/poster/23697,Jiaqi Guan and Xiangxin Zhou and Yuwei Yang and Yu Bao and Jian-wei Peng and Jianzhu Ma and Q. Liu and Liang Wang and Quanquan Gu,
